client_id,first_name,last_name,date_of_birth,gender,country,region,satisfaction_score,age,client_ref,total_properties,total_spend,avg_price,client_type_Individual,acquisition_purpose_Investment,loan_applied_Yes,referral_channel_Client,referral_channel_Website,region_encoded,country_encoded,cluster
C0001,Kareem,Liu,1968-05-11,F,USA,California,4,58,C0001,4,1246764.72,311691.18,True,False,True,False,True,8,9,0
C0002,Trystan,Oconnor,1962-11-26,M,USA,California,1,64,C0002,5,1841095.9300000002,368219.18600000005,True,False,False,False,True,8,9,2
C0003,Kale,Gay,1959-04-07,M,USA,California,4,67,C0003,5,1661457.5899999999,332291.518,True,False,True,False,False,8,9,2
C0004,Russell,Gross,1959-11-25,M,USA,California,5,67,C0004,6,1608263.51,268043.91833333333,True,False,False,False,True,8,9,4
C0005,Marleez,Co,1976-02-28,M,USA,California,5,50,C0005,13,3653385.38,281029.64461538463,False,True,False,False,True,8,9,4
C0006,Yurem,Wright,1957-03-06,M,USA,California,3,69,C0006,5,1514131.06,302826.212,True,False,True,False,True,8,9,0
C0007,Xavier,Faulkner,1947-05-24,M,Canada,Quebec,5,79,C0007,11,3251147.83,295558.8936363636,True,True,False,False,True,40,2,4
C0008,Kayden,Olsen,1969-10-17,F,USA,California,5,57,C0008,5,1476730.4100000001,295346.08200000005,True,False,False,False,True,8,9,0
C0009,Joaquin,Mullins,1975-10-05,M,USA,California,5,51,C0009,5,1820832.35,364166.47000000003,True,True,False,False,False,8,9,2
C0010,Nicolas,Navarro,1966-06-17,M,USA,Oregon,3,60,C0010,5,1732434.0,346486.8,True,True,False,False,False,37,9,2
C0011,Laci,Guerra,1956-06-17,F,USA,California,2,70,C0011,5,1325211.52,265042.304,True,False,True,False,True,8,9,0
C0012,Kylax,Co,1975-04-25,M,USA,California,5,51,C0012,4,1599526.4,399881.6,False,True,False,False,True,8,9,2
C0013,Harley,Lucero,1962-08-10,M,USA,California,1,64,C0013,5,2142750.89,428550.178,True,False,True,False,True,8,9,2
C0014,Esther,Co,1980-07-10,M,USA,California,3,46,C0014,4,1548140.0699999998,387035.01749999996,False,False,True,False,True,8,9,2
C0015,Jaylynn,Hickman,1941-08-19,F,USA,California,5,85,C0015,5,1585907.37,317181.47400000005,True,False,False,True,False,8,9,2
C0016,Olivia,Oconnell,1939-09-03,F,USA,California,5,87,C0016,4,1010217.73,252554.4325,True,True,False,False,True,8,9,0
C0017,Antonio,Porter,1977-01-08,M,USA,Arizona,3,49,C0017,5,1778693.75,355738.75,True,False,False,True,False,1,9,2
C0018,Luke,Lynn,1967-02-07,M,USA,California,2,59,C0018,4,1061478.67,265369.6675,True,False,True,False,False,8,9,0
C0019,Anahi,Curry,1957-09-09,M,USA,California,5,69,C0019,4,1773474.26,443368.565,True,False,True,True,False,8,9,2
C0020,Camille,Sharp,1967-10-17,F,USA,California,5,59,C0020,4,1508032.25,377008.0625,True,False,False,False,True,8,9,2
C0021,Jesus,Obrien,1938-06-09,M,USA,Oregon,3,88,C0021,6,1928172.72,321362.12,True,True,False,False,True,37,9,4
C0022,Araceli,Nelson,1966-09-14,M,Germany,Berlin,5,60,C0022,4,1372403.2,343100.8,True,True,False,False,False,4,5,1
C0023,Cole,Taylor,1958-12-06,M,USA,California,3,68,C0023,5,1457871.69,291574.338,True,False,True,False,True,8,9,0
C0024,Alonso,Terrell,1963-11-05,M,USA,California,4,63,C0024,6,1884156.9000000001,314026.15,True,True,False,False,True,8,9,4
C0025,Rodolfo,Gibson,1937-01-20,M,USA,Nevada,2,89,C0025,5,1694448.83,338889.766,True,False,True,False,True,25,9,2
C0026,Joseph,Reeves,1962-09-23,M,USA,California,5,64,C0026,10,2932241.75,293224.175,True,True,False,False,True,8,9,4
C0027,Grant,Weber,1968-09-08,M,USA,California,5,58,C0027,5,1517969.44,303593.888,True,False,True,False,True,8,9,2
C0028,Ava,Phelps,1958-04-15,F,USA,California,3,68,C0028,5,1791082.79,358216.558,True,False,False,True,False,8,9,2
C0029,Kyla,Walker,1976-02-26,F,USA,Colorado,4,50,C0029,4,1247795.31,311948.8275,True,False,True,False,False,11,9,0
C0030,Alanna,Hess,1952-06-19,F,USA,Nevada,3,74,C0030,4,1547311.29,386827.8225,True,False,False,False,True,25,9,2
C0031,Skylar,Buchanan,1977-12-25,M,USA,Nevada,4,49,C0031,5,1077148.21,215429.642,True,False,True,False,True,25,9,0
C0032,Rodrigo,Robinson,1966-08-11,M,USA,California,4,60,C0032,5,1888995.1600000001,377799.032,True,False,False,False,True,8,9,2
C0033,Lydia,Tate,1968-08-14,F,USA,California,3,58,C0033,4,1404998.67,351249.6675,True,False,True,False,True,8,9,2
C0034,Lauryn,Patrick,1969-10-30,F,Belgium,Brussels,2,57,C0034,5,1632608.66,326521.73199999996,True,False,False,False,False,7,1,1
C0035,Diego,Mendez,1965-05-12,M,Mexico,Mexico City,3,61,C0035,5,1987876.4,397575.27999999997,True,False,False,False,False,23,6,2
C0036,Victor,Jensen,1973-09-01,M,USA,California,4,53,C0036,4,1173683.53,293420.8825,True,False,False,False,True,8,9,0
C0037,Scarlet,Hendricks,1962-01-20,F,USA,California,5,64,C0037,5,1607228.75,321445.75,True,False,True,False,True,8,9,2
C0038,Janelle,Espinoza,1974-12-25,F,USA,California,4,52,C0038,4,1175129.27,293782.3175,True,True,False,True,False,8,9,0
C0039,Aleksandra,Karenina,1967-06-13,F,Russia,Krasnodar Krai,1,59,C0039,4,1858527.54,464631.885,True,False,False,False,False,21,7,2
C0040,Conner,Huff,1975-03-22,M,USA,Nevada,5,51,C0040,6,1854608.29,309101.38166666665,True,False,False,False,True,25,9,4
C0041,Zain,Horne,1967-04-13,M,USA,Arizona,1,59,C0041,5,1374460.79,274892.158,True,False,True,False,True,1,9,0
C0042,Maia,Chandler,1975-08-12,F,USA,Utah,1,51,C0042,4,1101390.25,275347.5625,True,False,True,False,True,48,9,3
C0043,Jordyn,Park,1965-04-04,M,USA,Nevada,3,61,C0043,4,1126492.46,281623.115,True,True,True,False,True,25,9,0
C0044,Diana,Hunt,1931-02-13,F,USA,Arizona,3,95,C0044,4,1330493.26,332623.315,True,False,False,False,True,1,9,0
C0045,Kevin,Mata,1968-10-12,M,USA,Colorado,2,58,C0045,5,1463432.3599999999,292686.47199999995,True,True,False,False,False,11,9,0
C0046,Brisa,Mckee,1964-09-24,F,USA,California,5,62,C0046,8,2026517.4,253314.675,True,False,False,True,False,8,9,4
C0047,Mason,Gilbert,1970-07-31,M,USA,Colorado,2,56,C0047,5,1438239.28,287647.856,True,False,False,False,False,11,9,0
C0048,Derick,Li,1957-03-20,M,USA,California,3,69,C0048,4,1338718.0,334679.5,True,False,True,False,False,8,9,0
C0049,Jace,Riggs,1971-08-20,F,USA,California,1,55,C0049,4,1390091.2,347522.8,True,False,False,False,True,8,9,0
C0050,Jair,Johns,1940-03-05,M,USA,California,5,86,C0050,9,2744452.35,304939.15,True,False,False,False,True,8,9,4
C0051,Matilda,Madden,1941-03-03,F,USA,Colorado,3,85,C0051,4,1270440.42,317610.105,True,False,False,False,False,11,9,0
C0052,Myla,Ewing,1967-02-03,F,USA,Oregon,2,59,C0052,4,1474211.53,368552.8825,True,True,False,True,False,37,9,3
C0053,Miguel,Walter,1954-01-07,M,USA,Arizona,4,72,C0053,4,1120539.44,280134.86,True,False,False,False,False,1,9,0
C0054,Bridger CAL,Co,1967-02-15,M,USA,Nevada,5,59,C0054,6,2109277.6,351546.26666666666,False,True,False,False,True,25,9,4
C0055,Mara,Franco,1973-06-07,F,USA,California,5,53,C0055,4,1178979.21,294744.8025,True,False,True,False,False,8,9,0
C0056,Erik,Mora,1964-12-07,M,USA,Oregon,5,62,C0056,4,1579301.3599999999,394825.33999999997,True,True,False,False,False,37,9,2
C0057,Henry,Kennedy,1933-06-08,M,USA,California,4,93,C0057,5,2020519.52,404103.904,True,False,True,False,False,8,9,2
C0058,Kenyon,Co,1969-05-03,F,USA,California,1,57,C0058,5,1441406.17,288281.234,False,True,True,False,True,8,9,0
C0059,Oswaldo,Palmer,1960-06-16,M,USA,California,2,66,C0059,4,1278854.25,319713.5625,True,False,False,False,True,8,9,0
C0060,Kassidy,Vega,1972-05-07,F,USA,California,5,54,C0060,4,1355662.25,338915.5625,True,False,False,False,True,8,9,2
C0061,Morgan,Glass,1967-05-12,M,USA,Utah,5,59,C0061,4,1306907.58,326726.895,True,False,False,False,False,48,9,3
C0062,Tyler,Carr,1974-03-27,M,USA,California,5,52,C0062,5,1489333.49,297866.698,True,False,True,True,False,8,9,0
C0063,Yesenia,Marquez,1942-07-23,F,USA,Arizona,4,84,C0063,5,1625480.88,325096.176,True,False,False,False,True,1,9,2
C0064,Gordon,Brown,1974-02-10,M,UK,Northern Ireland,4,52,C0064,4,1448881.28,362220.32,True,True,False,False,False,31,8,2
C0065,Rodrigo,Ramirez,1972-03-26,M,USA,California,1,54,C0065,4,1557125.73,389281.4325,True,False,False,False,False,8,9,2
C0066,Melanie,Holland,1974-12-25,F,USA,California,3,52,C0066,4,1107164.17,276791.0425,True,True,False,True,False,8,9,0
C0067,Enrique,Cardenas,1977-06-10,M,USA,California,2,49,C0067,5,1431941.84,286388.368,True,False,False,False,True,8,9,0
C0068,Helen,Williamson,1966-02-26,F,USA,Colorado,5,60,C0068,4,1572779.33,393194.8325,True,False,True,False,False,11,9,2
C0069,Isis,Rios,1970-04-01,M,USA,California,4,56,C0069,5,1439142.47,287828.494,True,True,False,False,True,8,9,0
C0070,Kayley,Nielsen,1947-04-27,F,USA,Arizona,4,79,C0070,5,1521570.62,304314.124,True,False,True,False,True,1,9,0
C0071,Donavan,Flowers,1985-12-27,M,USA,California,1,41,C0071,5,1150384.09,230076.81800000003,True,False,True,True,False,8,9,0
C0072,Augustus,Hinton,1953-02-03,M,USA,Nevada,2,73,C0072,6,2246488.58,374414.76333333337,True,True,False,False,True,25,9,4
C0073,Alejandra,Greer,1965-01-11,F,Denmark,Capital Region,1,61,C0073,4,1413902.33,353475.5825,True,True,False,False,False,9,3,1
C0074,Violet,Nixon,1959-01-01,F,USA,Oregon,5,67,C0074,5,1709458.65,341891.73,True,True,False,True,False,37,9,2
C0075,Jaelyn,Berger,1970-05-05,F,USA,California,3,56,C0075,4,1269395.74,317348.935,True,False,False,False,True,8,9,0
C0076,Tristian,Fuller,1956-03-13,M,USA,California,5,70,C0076,6,1905852.0899999999,317642.01499999996,True,False,False,False,False,8,9,4
C0077,Christian,Costa,1980-09-14,M,USA,California,5,46,C0077,5,1880012.18,376002.436,True,False,False,False,True,8,9,2
C0078,Nora,Lynch,1948-04-23,F,USA,California,5,78,C0078,4,1685882.3900000001,421470.59750000003,True,False,False,False,True,8,9,2
C0079,Dangelo,Shea,1954-02-27,M,Belgium,Brussels,4,72,C0079,4,1456436.3,364109.075,True,True,False,False,True,7,1,1
C0080,Aiyana,Christensen,1949-01-16,F,USA,California,3,77,C0080,5,1427531.56,285506.31200000003,True,True,False,False,True,8,9,0
C0081,Sidney,Cline,1943-07-24,F,USA,California,4,83,C0081,4,1522144.26,380536.065,True,False,True,False,True,8,9,2
C0082,Kaitlin,Owen,1981-12-26,F,USA,Virginia,5,45,C0082,5,1282267.95,256453.59,True,True,False,True,False,50,9,3
C0083,Issac,Edwards,1938-10-29,M,USA,California,5,88,C0083,6,1513641.46,252273.57666666666,True,False,False,False,True,8,9,4
C0084,Zaiden,Merritt,1948-02-23,M,USA,Wyoming,3,78,C0084,5,1762231.92,352446.38399999996,True,False,False,False,False,55,9,3
C0085,Iris,Larsen,1966-09-14,M,USA,California,4,60,C0085,4,1185505.46,296376.365,True,False,True,False,False,8,9,0
C0086,Grace,Stein,1968-12-20,F,USA,California,3,58,C0086,5,1928188.6099999999,385637.72199999995,True,False,True,False,True,8,9,2
C0087,Alessandra,Perry,1979-05-15,F,USA,California,4,47,C0087,4,1681153.28,420288.32,True,False,False,False,False,8,9,2
C0088,Jamal,Mueller,1936-08-13,M,USA,Oregon,2,90,C0088,6,1450519.57,241753.2616666667,True,True,False,False,True,37,9,3
C0089,Irvin,Ellis,1949-11-14,M,USA,California,3,77,C0089,4,1041853.81,260463.4525,True,False,False,False,False,8,9,0
C0090,Terry,Forbes,1982-05-27,M,USA,California,5,44,C0090,5,980850.4199999999,196170.08399999997,True,False,False,True,False,8,9,0
C0091,Jacqueline,Grant,1959-11-13,F,USA,California,4,67,C0091,4,1356644.74,339161.185,True,False,False,False,True,8,9,0
C0092,Brock,Fischer,1971-05-29,M,USA,Kansas,3,55,C0092,8,2817926.96,352240.87,True,False,False,False,True,20,9,4
C0093,Curtis,Howard,1962-09-11,M,USA,California,2,64,C0093,5,1732558.38,346511.676,True,False,False,False,False,8,9,2
C0094,Avah,Huang,1948-04-23,F,USA,California,5,78,C0094,5,1062675.82,212535.16400000002,True,False,False,False,True,8,9,0
C0095,Frank,Meyer,1964-03-16,M,USA,California,3,62,C0095,6,1668973.02,278162.17,True,False,True,False,False,8,9,4
C0096,Darien,Dorsey,1985-12-27,M,USA,California,3,41,C0096,4,1363013.17,340753.2925,True,True,True,False,True,8,9,0
C0097,Franklin,Mack,1943-06-18,M,USA,Virginia,5,83,C0097,7,2189906.04,312843.72000000003,True,False,True,False,True,50,9,4
C0098,Elena,Petrova,1949-06-22,F,Russia,Saint Petersburg,3,77,C0098,4,1131592.65,282898.1625,True,False,True,False,False,42,7,3
C0099,Jack,Hanson,1941-12-01,M,USA,California,4,85,C0099,6,2000308.58,333384.76333333337,True,True,False,False,True,8,9,4
C0100,Emmett,Estes,1969-06-05,M,USA,California,3,57,C0100,4,1449544.65,362386.1625,True,False,False,False,True,8,9,2
C0101,Aniya,Miller,1951-03-02,F,USA,Nevada,3,75,C0101,4,1125013.8,281253.45,True,False,False,False,True,25,9,0
C0102,Jack,Anderson,1947-02-13,M,USA,California,5,79,C0102,9,3403263.85,378140.4277777778,True,True,True,False,True,8,9,4
C0103,Kael,Hurley,1973-12-15,M,USA,Colorado,3,53,C0103,5,1483838.77,296767.754,True,False,False,False,True,11,9,0
C0104,Kamden,Stewart,1978-09-14,M,USA,California,5,48,C0104,5,1677155.01,335431.002,True,False,False,False,True,8,9,2
C0105,Aniyah,Ali,1959-11-03,F,USA,California,2,67,C0105,5,1328084.36,265616.87200000003,True,True,True,False,True,8,9,0
C0106,Simon,Bennett,1953-06-09,M,USA,Colorado,4,73,C0106,4,957679.27,239419.8175,True,False,False,False,True,11,9,0
C0107,Laurel,Benitez,1959-08-06,M,USA,California,4,67,C0107,5,1715058.23,343011.646,True,False,True,False,False,8,9,2
C0108,Trey,Strong,1958-12-20,M,USA,California,4,68,C0108,6,1998798.72,333133.12,True,False,False,False,False,8,9,4
C0109,Myah,Roman,1933-05-05,F,USA,California,5,93,C0109,5,1995551.0899999999,399110.218,True,True,True,False,False,8,9,2
C0110,Nyla,Blake,1959-06-05,F,USA,California,5,67,C0110,5,1205555.46,241111.092,True,True,True,False,False,8,9,0
C0111,Kole,Shannon,1979-06-27,M,USA,Arizona,2,47,C0111,4,1198421.22,299605.305,True,False,True,False,True,1,9,0
C0112,Melany,Glover,1960-10-01,F,USA,California,1,66,C0112,5,1775142.2,355028.44,True,True,True,False,False,8,9,2
C0113,Arthur,Bray,1949-07-14,M,USA,Utah,4,77,C0113,4,1414433.46,353608.365,True,True,False,False,False,48,9,3
C0114,Kamila,Collier,1962-01-21,F,USA,California,1,64,C0114,4,1124004.05,281001.0125,True,False,True,False,True,8,9,0
C0115,Amanda,Simon,1978-12-03,F,USA,California,5,48,C0115,5,1757354.59,351470.918,True,False,False,False,False,8,9,2
C0116,Erika,Steward,1955-08-07,F,USA,California,4,71,C0116,8,2484590.08,310573.76,True,True,False,False,True,8,9,4
C0117,Jakobe,Bailey,1964-10-06,M,UK,Scotland,4,62,C0117,8,2884556.25,360569.53125,True,True,False,False,False,43,8,4
C0118,Sonia,Choi,1948-11-09,F,USA,Oregon,5,78,C0118,4,1218377.19,304594.2975,True,True,False,False,False,37,9,3
C0119,Erika,Gallagher,1942-07-19,F,USA,California,1,84,C0119,4,1603043.92,400760.98,True,False,True,False,True,8,9,2
C0120,Madeline,Michael,1953-07-30,F,USA,California,4,73,C0120,5,1753587.39,350717.478,True,False,True,False,True,8,9,2
C0121,Bennett,Chen,1950-07-18,M,USA,Nevada,2,76,C0121,5,1169150.31,233830.062,True,False,False,False,True,25,9,0
C0122,Belinda,Hogan,1973-08-18,F,USA,California,1,53,C0122,4,1412560.68,353140.17,True,False,True,False,False,8,9,0
C0123,Johanna,Fisher,1962-08-25,F,USA,California,4,64,C0123,5,1821348.69,364269.738,True,False,True,False,True,8,9,2
C0124,Jaylen,Turner,1963-07-15,F,USA,California,4,63,C0124,5,1613985.08,322797.016,True,False,False,False,False,8,9,2
C0125,Michael,Juarez,1976-12-25,M,USA,Colorado,4,50,C0125,4,1341108.25,335277.0625,True,False,True,False,False,11,9,0
C0126,Adriana,Shaffer,1972-07-11,F,USA,California,2,54,C0126,5,1319929.46,263985.892,True,True,False,False,False,8,9,0
C0127,Julio,Leonard,1974-07-18,M,USA,Nevada,2,52,C0127,4,967474.23,241868.5575,True,False,True,False,True,25,9,0
C0128,Abdiel,Co,1963-05-22,M,USA,Nevada,5,63,C0128,5,1639392.9500000002,327878.59,False,True,True,False,True,25,9,2
C0129,Warren,Pugh,1973-07-17,M,USA,Arizona,5,53,C0129,4,1748372.75,437093.1875,True,True,False,False,True,1,9,2
C0130,Luis,Crane,1959-04-20,M,USA,Nevada,3,67,C0130,4,1488042.88,372010.72,True,False,True,False,True,25,9,2
C0131,Mohammad,Irwin,1971-12-02,M,USA,California,1,55,C0131,5,1428058.5499999998,285611.70999999996,True,False,False,False,True,8,9,0
C0132,Davion,Stout,1965-07-20,M,USA,Nevada,1,61,C0132,4,1203775.04,300943.76,True,False,True,False,False,25,9,0
C0133,Logan,Simmons,1946-09-14,M,USA,California,4,80,C0133,4,1449799.93,362449.9825,True,True,False,False,False,8,9,2
C0134,Kaylin,Villarreal,1932-06-13,F,Russia,Novosibirsk,3,94,C0134,5,1761669.8699999999,352333.974,True,True,False,False,True,32,7,2
C0135,Ruben,Melton,1939-03-05,M,USA,Utah,2,87,C0135,4,1221442.92,305360.73,True,True,False,False,False,48,9,3
C0136,Gianni,Fritz,1973-09-15,M,USA,California,3,53,C0136,5,1892554.72,378510.944,True,False,False,False,True,8,9,2
C0137,Emilie,Morrison,1957-10-29,F,USA,California,3,69,C0137,4,989750.45,247437.6125,True,False,True,False,True,8,9,0
C0138,Crystal,Wyatt,1939-06-30,F,USA,Oregon,3,87,C0138,5,1367824.55,273564.91000000003,True,True,True,False,True,37,9,3
C0139,Annabel,Robles,1969-10-14,F,USA,California,5,57,C0139,5,1807366.3,361473.26,True,False,True,False,True,8,9,2
C0140,Rachel,Cross,1952-06-18,F,USA,California,3,74,C0140,5,1559561.53,311912.306,True,False,False,False,True,8,9,0
C0141,Madalyn,Mercer,1986-06-21,F,USA,California,5,40,C0141,5,1765019.09,353003.818,True,False,False,False,True,8,9,2
C0142,Michelle,Cameron,1978-06-04,F,USA,Nevada,3,48,C0142,5,1673770.19,334754.038,True,False,True,False,True,25,9,2
C0143,Ezra,Lozano,1958-02-24,M,USA,California,1,68,C0143,8,2389960.3,298745.0375,True,False,False,False,True,8,9,4
C0144,Ramiro,Oneill,1954-09-29,M,USA,California,4,72,C0144,5,1897739.74,379547.948,True,False,False,False,False,8,9,2
C0145,Emely,Watts,1964-11-30,F,USA,California,4,62,C0145,5,1746571.55,349314.31,True,False,False,False,True,8,9,2
C0146,Hazel,Ayers,1963-02-01,M,USA,Colorado,2,63,C0146,4,1481536.3900000001,370384.09750000003,True,False,False,False,True,11,9,2
C0147,Cedric,Goodwin,1948-02-20,M,USA,Utah,4,78,C0147,5,1398309.27,279661.854,True,False,False,True,False,48,9,3
C0148,Dayton,Hatfield,1969-04-19,M,USA,Colorado,4,57,C0148,4,1700383.7,425095.925,True,True,True,False,False,11,9,2
C0149,Piotr,Aleksandrov,1955-12-02,M,Russia,Krasnodar Krai,3,71,C0149,4,1049009.0,262252.25,True,True,False,False,False,21,7,0
C0150,Memphis,Mcconnell,1968-08-25,M,USA,California,2,58,C0150,4,1846066.58,461516.645,True,False,True,False,True,8,9,2
C0151,Arabella,Ferrell,1976-08-17,F,USA,Oregon,1,50,C0151,5,1589086.32,317817.264,True,False,False,False,False,37,9,3
C0152,Sincere,Hansen,1967-01-19,F,USA,California,2,59,C0152,7,2539205.93,362743.7042857143,True,True,True,False,False,8,9,4
C0153,Lara,Carrillo,1983-02-24,F,USA,California,5,43,C0153,5,1560375.26,312075.052,True,False,False,False,True,8,9,2
C0154,Valentina,Simpson,1965-01-24,F,USA,California,4,61,C0154,5,2142457.31,428491.462,True,False,True,False,False,8,9,2
C0155,Kamd,Co,1975-08-18,M,USA,California,5,51,C0155,5,1622885.53,324577.106,False,True,False,False,False,8,9,2
C0156,Case,Sanchez,1966-05-26,F,USA,California,5,60,C0156,4,1344903.47,336225.8675,True,False,False,False,True,8,9,2
C0157,Van,Charles,1952-05-15,M,USA,Colorado,2,74,C0157,4,1060400.03,265100.0075,True,False,True,True,False,11,9,0
C0158,Emmy,Singh,1979-12-03,F,USA,Virginia,3,47,C0158,4,1439477.66,359869.415,True,True,True,False,False,50,9,3
C0159,Colin,Campos,1942-04-14,M,USA,California,3,84,C0159,4,1596507.45,399126.8625,True,False,False,False,True,8,9,2
C0160,Anya,Stephenson,1959-06-11,F,USA,California,4,67,C0160,5,1679716.96,335943.392,True,False,False,False,True,8,9,2
C0161,Parker,Poole,1951-11-10,M,USA,California,5,75,C0161,9,2534264.26,281584.91777777777,True,False,False,False,True,8,9,4
C0162,Ivan,Bright,1953-09-15,M,USA,California,4,73,C0162,4,1135363.52,283840.88,True,False,False,False,True,8,9,0
C0163,Larry,Turner,1986-03-24,M,USA,Utah,5,40,C0163,4,1506594.21,376648.5525,True,True,True,False,False,48,9,3
C0164,Matthew,Nelson,1986-09-20,M,USA,Arizona,5,40,C0164,4,1436152.54,359038.135,True,False,False,False,True,1,9,2
C0165,Mary,Hall,1956-07-11,F,USA,California,3,70,C0165,3,1276849.33,425616.44333333336,True,False,True,False,True,8,9,2
C0166,Carolyn,Weaver,1984-01-24,F,USA,Arizona,4,42,C0166,4,1273643.37,318410.8425,True,False,True,False,False,1,9,0
C0167,Grace,Green,1955-02-02,F,UK,Scotland,3,71,C0167,7,2749577.33,392796.7614285714,True,False,True,False,True,43,8,4
C0168,Pamela,Sanders,1960-06-06,F,USA,Nevada,3,66,C0168,4,1491785.87,372946.4675,True,False,False,False,False,25,9,2
C0169,Terry,Turner,1990-08-13,M,USA,Ohio,5,36,C0169,3,688864.2,229621.4,True,True,True,False,False,35,9,3
C0170,Jacob,Jones,1949-06-13,M,USA,California,5,77,C0170,3,1161316.17,387105.38999999996,True,False,False,False,True,8,9,2
C0171,Julie,Sanders,1991-05-05,F,USA,Washington,5,35,C0171,4,1278753.71,319688.4275,True,True,True,True,False,53,9,3
C0172,Catherine,Carter,1992-09-16,F,USA,Washington,1,34,C0172,4,1681471.9100000001,420367.97750000004,True,False,True,False,False,53,9,3
C0173,Amber,Wilson,1976-07-20,F,USA,Arizona,5,50,C0173,8,2619968.43,327496.05375,True,False,True,False,False,1,9,4
C0174,Rachel,Harris,1982-07-06,F,USA,California,3,44,C0174,3,865359.73,288453.24333333335,True,True,False,True,False,8,9,0
C0175,Brandon,Alexander,1962-04-05,M,USA,Washington,5,64,C0175,4,1606138.1199999999,401534.52999999997,True,False,False,False,False,53,9,3
C0176,Hannah,Williams,1993-06-27,F,USA,California,2,33,C0176,6,2681927.91,446987.98500000004,True,False,False,False,True,8,9,4
C0177,Sarah,Hansen,1951-03-05,F,UK,England,5,75,C0177,7,2269897.21,324271.02999999997,True,False,True,False,True,12,8,4
C0178,Laura,Chavez,1952-12-23,F,USA,Virginia,4,74,C0178,7,2665917.96,380845.42285714287,True,False,False,False,False,50,9,4
C0179,Ashley,Turner,1986-02-11,F,USA,Oregon,2,40,C0179,8,2131372.11,266421.51375,True,True,False,False,True,37,9,4
C0180,Jacob,Wilson,1943-01-28,M,USA,California,2,83,C0180,7,2660292.37,380041.76714285713,True,False,True,False,False,8,9,4
C0181,Lawrence,Peterson,1970-04-26,M,USA,Texas,2,56,C0181,7,2047189.62,292455.66000000003,True,False,True,False,True,47,9,4
C0182,Virginia,Bennett,1971-12-02,F,Germany,North Rhine-Westphalia,1,55,C0182,8,3082362.35,385295.29375,True,True,True,False,True,30,5,4
C0183,Nicholas,Green,1988-09-15,M,USA,Nevada,3,38,C0183,7,1883106.92,269015.27428571426,True,False,False,False,True,25,9,4
C0184,Peter,Pierce,1994-01-21,M,USA,Florida,1,32,C0184,6,2618938.16,436489.69333333336,True,False,False,False,True,14,9,4
C0185,Andrea,Nelson,1945-07-02,F,USA,Nevada,4,81,C0185,7,2491911.81,355987.40142857144,True,False,True,False,False,25,9,4
C0186,Carol,Green,1982-04-02,F,USA,Virginia,1,44,C0186,8,2674286.63,334285.82875,True,False,False,False,True,50,9,4
C0187,Cheryl,Kim,1990-01-17,F,USA,Florida,1,36,C0187,6,2066651.1400000001,344441.8566666667,True,False,False,False,True,14,9,4
C0188,Jose,Martin,1940-10-08,M,USA,Oregon,5,86,C0188,7,2891447.6,413063.9428571429,True,False,True,False,True,37,9,4
C0189,Anna,Adams,1958-12-11,F,USA,California,2,68,C0189,7,2209659.42,315665.6314285714,True,False,False,False,False,8,9,4
C0190,Karen,Johnson,1971-10-19,F,USA,California,2,55,C0190,7,2276701.17,325243.02428571426,True,False,False,False,True,8,9,4
C0191,Sarah,Turner,1977-05-06,F,USA,Florida,3,49,C0191,8,2172926.7600000002,271615.84500000003,True,False,False,False,False,14,9,4
C0192,Margaret,Moore,1984-02-04,F,Belgium,Brussels,2,42,C0192,7,2900509.0999999996,414358.4428571428,True,True,True,False,True,7,1,4
C0193,Sharon,Campbell,1968-08-09,F,USA,California,4,58,C0193,7,1933778.2399999998,276254.03428571427,True,True,True,False,True,8,9,4
C0194,Jonathan,Hall,1953-08-18,M,France,Ile-de-France,5,73,C0194,7,2759372.27,394196.03857142857,True,False,True,False,True,18,4,4
C0195,Sean,Jones,1947-06-19,M,USA,California,2,79,C0195,7,2102233.85,300319.12142857147,True,False,True,False,True,8,9,4
C0196,Alexander,Adams,1957-04-22,M,USA,Nevada,5,69,C0196,6,2611736.44,435289.4066666667,True,True,False,False,False,25,9,4
C0197,Kevin,Wright,1944-07-01,M,USA,Virginia,4,82,C0197,8,2775768.6,346971.075,True,False,False,True,False,50,9,4
C0198,Michelle,White,1976-01-28,F,USA,California,4,50,C0198,8,2399689.67,299961.20875,True,False,False,False,True,8,9,4
C0199,Ryan,Brown,1958-04-13,M,USA,California,3,68,C0199,7,2582959.87,368994.26714285713,True,False,False,False,False,8,9,4
C0200,Linda,Harris,1944-05-06,F,USA,California,1,82,C0200,4,1071359.3900000001,267839.84750000003,True,False,False,False,False,8,9,0
C0201,Lauren,Weaver,1968-02-13,F,USA,California,1,58,C0201,4,1298787.54,324696.885,True,False,False,False,False,8,9,0
C0202,Jack,Reyes,1996-11-11,M,Canada,British Columbia,1,30,C0202,3,1019272.5900000001,339757.53,True,False,False,False,True,5,2,1
C0203,Christine,Brooks,1956-05-18,F,USA,California,4,70,C0203,4,1242478.83,310619.7075,True,False,False,True,False,8,9,0
C0204,Joyce,Pierce,1947-01-10,F,USA,California,5,79,C0204,3,934432.98,311477.66,True,False,False,False,False,8,9,0
C0205,Kelly,Nelson,1968-08-26,F,Mexico,Puebla,1,58,C0205,3,949224.48,316408.16,True,False,True,False,False,39,6,3
C0206,Nancy,Roberts,1957-05-08,F,USA,California,1,69,C0206,3,853060.9299999999,284353.6433333333,True,False,True,False,False,8,9,0
C0207,Kyle,Gray,1944-11-19,M,USA,Virginia,4,82,C0207,3,889948.76,296649.58666666667,True,True,False,False,True,50,9,3
C0208,Mark,James,1986-03-26,M,France,Provence,4,40,C0208,4,1199654.38,299913.595,True,False,True,False,False,38,4,1
C0209,Kyle,Moore,1949-08-22,M,USA,Arizona,3,77,C0209,4,979868.13,244967.0325,True,True,False,False,False,1,9,0
C0210,Janice,Price,1943-03-24,F,USA,Colorado,2,83,C0210,4,1346156.55,336539.1375,True,False,False,False,True,11,9,0
C0211,Amy,Evans,1972-02-23,F,USA,California,3,54,C0211,4,1254240.07,313560.0175,True,False,False,False,False,8,9,0
C0212,Jacob,Wood,1956-03-23,M,USA,California,4,70,C0212,3,1068278.76,356092.92,True,False,False,False,False,8,9,0
C0213,Jason,Gray,1976-10-23,M,USA,Florida,5,50,C0213,3,809691.13,269897.04333333333,True,True,False,False,False,14,9,0
C0214,Helen,Wood,1946-07-18,F,Belgium,Brussels,5,80,C0214,3,1070534.6400000001,356844.88000000006,True,True,False,False,True,7,1,1
C0215,Lauren,Foster,1999-07-11,F,Germany,Hamburg,4,27,C0215,3,1032856.46,344285.48666666663,True,True,False,False,True,16,5,1
C0216,Albert,Hansen,1999-07-19,M,USA,Utah,1,27,C0216,4,1352642.3399999999,338160.58499999996,True,False,False,False,True,48,9,3
C0217,Deborah,Miller,1984-07-11,F,USA,Colorado,3,42,C0217,4,1238434.91,309608.7275,True,False,False,False,True,11,9,0
C0218,Shirley,Anderson,1970-01-24,F,USA,California,2,56,C0218,3,836639.27,278879.75666666665,True,False,False,False,True,8,9,0
C0219,William,Turner,1988-01-20,M,USA,California,4,38,C0219,4,1267653.57,316913.3925,True,False,False,False,True,8,9,0
C0220,Walter,Phillips,1951-06-06,M,Canada,Ontario,1,75,C0220,3,1060812.68,353604.2266666666,True,True,False,False,True,36,2,1
C0221,Atlas,Co,1987-05-14,F,USA,California,5,39,C0221,4,1377133.5999999999,344283.39999999997,False,False,False,False,True,8,9,2
C0222,Christopher,Stone,1956-11-08,M,USA,Utah,3,70,C0222,3,1223560.82,407853.6066666667,True,True,False,False,False,48,9,3
C0223,Patrick,Hansen,1973-11-12,M,USA,Colorado,3,53,C0223,4,969341.87,242335.4675,True,True,True,False,True,11,9,0
C0224,Nathan,Richardson,1960-08-23,M,USA,Colorado,5,66,C0224,3,1189255.63,396418.5433333333,True,False,False,False,True,11,9,2
C0225,Evelyn,Reyes,1948-12-19,F,USA,California,1,78,C0225,4,1120626.94,280156.735,True,False,True,False,False,8,9,0
C0226,Julia,Jordan,1958-07-11,F,USA,Colorado,2,68,C0226,3,1571251.03,523750.3433333333,True,False,False,False,True,11,9,2
C0227,Rachel,Evans,1944-10-23,F,USA,Arizona,5,82,C0227,3,942245.37,314081.79,True,False,True,False,True,1,9,0
C0228,Hannah,Owens,1952-04-23,F,USA,Oregon,4,74,C0228,3,606605.72,202201.90666666665,True,True,False,False,True,37,9,3
C0229,Jose,Turner,1981-11-19,M,USA,Colorado,5,45,C0229,3,892220.13,297406.71,True,True,False,False,True,11,9,0
C0230,Forsyte,Co,1977-07-22,M,USA,Nevada,4,49,C0230,4,1457429.02,364357.255,False,True,True,False,True,25,9,2
C0231,Ronald,Rogers,1993-12-18,M,Denmark,Central Denmark,2,33,C0231,3,729893.08,243297.69333333333,True,True,True,False,True,10,3,1
C0232,Megan,Kim,1962-05-04,F,USA,California,3,64,C0232,4,1276710.4900000002,319177.62250000006,True,False,True,False,True,8,9,0
C0233,Larry,Garcia,1997-09-10,M,France,Provence,4,29,C0233,4,1105806.54,276451.635,True,False,True,False,True,38,4,1
C0234,Andrea,Hughes,1979-03-02,F,USA,New York,1,47,C0234,3,839967.04,279989.01333333337,True,False,True,False,True,27,9,0
C0235,Kenneth,Allen,1949-10-10,M,USA,California,5,77,C0235,4,1268586.58,317146.645,True,False,False,False,True,8,9,0
C0236,Gerald,Howard,1972-08-10,M,Canada,Manitoba,3,54,C0236,3,1321475.69,440491.89666666667,True,False,False,False,False,22,2,1
C0237,Jason,Nelson,1984-11-03,M,USA,California,5,42,C0237,3,1392353.31,464117.77,True,False,True,False,True,8,9,2
C0238,Amber,Patterson,1982-01-08,F,USA,Virginia,4,44,C0238,3,1125732.72,375244.24,True,False,True,False,False,50,9,3
C0239,Megan,Baker,1973-02-18,F,USA,Oregon,3,53,C0239,4,1352763.67,338190.9175,True,False,True,False,True,37,9,3
C0240,Amber,Morales,1942-05-15,F,USA,Colorado,3,84,C0240,3,935028.28,311676.0933333333,True,True,False,False,True,11,9,0
C0241,Kelly,Anderson,1962-01-14,F,Mexico,Nuevo Leon,5,64,C0241,3,1025934.71,341978.23666666663,True,False,True,False,True,33,6,3
C0242,Stephen,Peterson,1998-03-16,M,USA,Utah,3,28,C0242,4,1358315.73,339578.9325,True,False,True,False,False,48,9,3
C0243,Nancy,Patterson,1978-07-11,F,USA,Utah,2,48,C0243,4,1382777.8900000001,345694.47250000003,True,False,False,False,True,48,9,3
C0244,Joyce,Pierce,1998-08-03,F,USA,California,1,28,C0244,3,1046652.28,348884.0933333333,True,False,False,False,True,8,9,0
C0245,Sean,Long,1974-01-07,M,USA,Nevada,4,52,C0245,3,1354584.5,451528.1666666667,True,True,False,False,False,25,9,2
C0246,Stephen,Pierce,1992-05-15,M,France,Normandy,1,34,C0246,3,1024485.26,341495.08666666667,True,False,True,False,False,28,4,1
C0247,Kevin,Morris,1965-01-18,M,USA,California,1,61,C0247,4,1696540.52,424135.13,True,False,False,False,True,8,9,2
C0248,Carl,Collins,1968-12-09,M,USA,Florida,4,58,C0248,3,1035934.63,345311.54333333333,True,False,True,False,False,14,9,0
C0249,Stephanie,Montgomery,1968-12-05,F,USA,California,4,58,C0249,4,1142995.52,285748.88,True,True,False,False,False,8,9,0
C0250,Justin,Stewart,1947-10-19,M,UK,England,2,79,C0250,3,982306.66,327435.55333333334,True,False,False,False,False,12,8,0
C0251,Janice,Chavez,1976-08-11,F,USA,Utah,5,50,C0251,3,463611.95,154537.31666666668,True,False,False,False,True,48,9,3
C0252,Elizabeth,Rogers,1953-08-23,F,USA,Nevada,2,73,C0252,3,1082221.48,360740.49333333335,True,True,False,False,True,25,9,0
C0253,Betty,Hughes,1994-09-15,F,USA,Virginia,4,32,C0253,4,1239226.11,309806.5275,True,False,False,False,True,50,9,3
C0254,Rachel,Freeman,1956-07-21,F,USA,Florida,5,70,C0254,4,1332152.57,333038.1425,True,False,False,False,True,14,9,2
C0255,Sara,Jones,1961-02-08,F,UK,England,3,65,C0255,4,1689083.06,422270.765,True,True,True,True,False,12,8,2
C0256,Anthony,Hughes,1990-12-10,M,USA,California,1,36,C0256,3,1150229.15,383409.7166666666,True,False,True,False,True,8,9,0
C0257,Nicholas,Kim,1974-10-22,M,USA,California,1,52,C0257,3,1145456.23,381818.74333333335,True,False,False,False,True,8,9,0
C0258,Carl,Murray,1991-04-15,M,UK,Northern Ireland,4,35,C0258,3,1001712.37,333904.12333333335,True,False,True,False,False,31,8,3
C0259,Emma,Chavez,1990-02-15,F,USA,Oregon,4,36,C0259,3,779396.4099999999,259798.80333333332,True,False,False,False,True,37,9,3
C0260,Rebecca,Wood,1946-08-04,F,USA,Nevada,3,80,C0260,4,1057192.79,264298.1975,True,True,False,False,True,25,9,0
C0261,Celera,Co,1985-05-13,F,USA,Florida,4,41,C0261,4,2094623.1,523655.775,False,True,True,False,True,14,9,2
C0262,Billy,Bryant,1947-05-25,M,USA,Oregon,2,79,C0262,3,1233260.4,411086.8,True,False,False,False,True,37,9,3
C0263,Anthony,Garcia,1981-08-02,M,USA,Nevada,2,45,C0263,3,969140.41,323046.80333333334,True,True,True,False,True,25,9,0
C0264,Melissa,Baker,1992-09-12,F,USA,Colorado,2,34,C0264,4,1127766.02,281941.505,True,False,True,False,False,11,9,0
C0265,Celera,Co,1967-04-13,M,Belgium,Flanders,1,59,C0265,4,1708031.99,427007.9975,False,False,False,False,True,13,1,1
C0266,Aaron,Owens,1977-02-26,M,USA,California,5,49,C0266,3,931646.38,310548.79333333333,True,False,True,False,False,8,9,0
C0267,Judy,Howard,1948-11-12,F,USA,Utah,4,78,C0267,4,1314495.01,328623.7525,True,False,True,False,False,48,9,3
C0268,Danielle,Carter,1959-02-21,F,USA,Georgia,3,67,C0268,4,1108939.8599999999,277234.96499999997,True,True,False,False,True,15,9,0
C0269,David,Stewart,1969-02-04,M,USA,New York,2,57,C0269,3,1049110.08,349703.36000000004,True,False,False,False,False,27,9,3
C0270,Megan,Allen,1944-07-21,F,USA,Florida,5,82,C0270,3,924009.9,308003.3,True,False,False,False,True,14,9,0
C0271,Laura,Hughes,1972-04-28,F,USA,California,3,54,C0271,4,1295689.37,323922.3425,True,True,False,False,False,8,9,0
C0272,Pamela,Green,1993-08-03,F,UK,Scotland,5,33,C0272,4,1439584.37,359896.0925,True,False,True,False,True,43,8,3
C0273,Paul,Morales,1987-02-27,M,Denmark,Zealand,2,39,C0273,3,682452.64,227484.21333333335,True,True,False,False,True,56,3,1
C0274,Raymond,Young,1950-10-01,M,USA,Florida,2,76,C0274,3,1343449.34,447816.4466666667,True,False,False,False,True,14,9,2
C0275,William,Thompson,2000-06-26,M,USA,Oregon,1,26,C0275,4,1237500.3,309375.075,True,False,True,False,True,37,9,3
C0276,Gloria,Harris,1953-02-16,F,USA,Washington,5,73,C0276,3,1011195.98,337065.32666666666,True,False,False,False,True,53,9,3
C0277,Jordan,Garcia,1954-11-17,M,USA,Colorado,1,72,C0277,3,1123449.53,374483.1766666667,True,True,True,False,False,11,9,0
C0278,Margaret,Foster,1955-08-03,F,USA,California,2,71,C0278,3,1442538.67,480846.2233333333,True,True,True,False,True,8,9,2
C0279,Heather,Montgomery,1967-05-15,F,USA,Oregon,1,59,C0279,3,1012986.25,337662.0833333333,True,False,False,False,True,37,9,3
C0280,Nathan,Price,1944-04-14,M,USA,Florida,4,82,C0280,4,1282020.93,320505.2325,True,False,False,True,False,14,9,0
C0281,Katherine,Phillips,1977-03-22,F,USA,California,1,49,C0281,3,1256275.37,418758.4566666667,True,False,True,False,False,8,9,2
C0282,Emily,Owens,1997-10-18,F,USA,California,1,29,C0282,4,973863.8,243465.95,True,True,False,False,True,8,9,0
C0283,Susan,Edwards,1962-05-12,F,USA,Arizona,2,64,C0283,4,1118599.47,279649.8675,True,False,True,False,False,1,9,0
C0284,Patrick,Owens,1977-02-25,M,USA,Arizona,4,49,C0284,4,1251975.85,312993.9625,True,False,False,True,False,1,9,0
C0285,Billy,Parker,1999-03-09,M,France,Ile-de-France,3,27,C0285,4,1679056.13,419764.0325,True,True,False,False,True,18,4,2
C0286,Noah,Brooks,1996-03-24,M,UK,Scotland,1,30,C0286,3,859353.0900000001,286451.03,True,False,False,False,False,43,8,3
C0287,Joan,Bell,1990-06-10,F,Australia,New South Wales,5,36,C0287,3,1171265.03,390421.6766666667,True,False,False,False,True,26,0,1
C0288,Kevin,Freeman,1997-11-03,M,USA,Colorado,4,29,C0288,4,1364289.23,341072.3075,True,True,False,False,False,11,9,2
C0289,Laura,Hayes,1993-06-14,F,USA,California,5,33,C0289,4,1533862.35,383465.5875,True,True,False,False,False,8,9,2
C0290,Ryan,Watson,1962-01-01,M,USA,California,2,64,C0290,3,1215398.18,405132.7266666666,True,False,False,False,True,8,9,2
C0291,James,Bryant,1953-07-06,M,USA,Nevada,2,73,C0291,3,1322506.76,440835.58666666667,True,False,False,False,False,25,9,2
C0292,Karen,Watson,1945-12-02,F,USA,California,1,81,C0292,4,1442818.3399999999,360704.58499999996,True,False,False,False,False,8,9,0
C0293,Ruth,Collins,1993-07-01,F,USA,California,4,33,C0293,4,1580876.65,395219.1625,True,True,False,False,True,8,9,2
C0294,Nicholas,Reyes,1963-07-17,M,USA,Nevada,3,63,C0294,4,1027250.91,256812.7275,True,False,True,False,True,25,9,0
C0295,Roger,Harris,1967-09-07,M,Russia,Tatarstan,3,59,C0295,3,1350375.73,450125.24333333335,True,False,False,False,False,46,7,3
C0296,Mark,Young,1984-04-06,M,Canada,Manitoba,1,42,C0296,3,1142875.46,380958.48666666663,True,False,True,True,False,22,2,1
C0297,Julia,Murray,1972-11-19,F,UK,Wales,5,54,C0297,4,1709184.75,427296.1875,True,True,False,False,False,51,8,2
C0298,Sarah,Patterson,1972-11-10,F,USA,Oregon,3,54,C0298,4,1262479.23,315619.8075,True,False,False,False,True,37,9,3
C0299,Barbara,Davis,1977-05-03,F,UK,Wales,5,49,C0299,4,1177661.76,294415.44,True,False,False,False,False,51,8,3
C0300,Zachary,Peterson,1959-04-11,M,Canada,Alberta,5,67,C0300,3,844956.55,281652.18333333335,True,False,True,False,True,0,2,1
C0301,Lisa,Alexander,1959-03-02,F,USA,Virginia,4,67,C0301,3,1045776.52,348592.17333333334,True,False,False,False,False,50,9,3
C0302,Maria,Edwards,1976-07-25,F,USA,Utah,1,50,C0302,4,1654300.33,413575.0825,True,True,False,False,False,48,9,3
C0303,Betty,Owens,1957-07-10,F,USA,Virginia,5,69,C0303,4,1519113.12,379778.28,True,True,True,False,True,50,9,3
C0304,Patrick,Morris,1959-12-22,M,USA,California,1,67,C0304,4,1685753.28,421438.32,True,True,False,False,False,8,9,2
C0305,Emily,Kim,1995-11-22,F,USA,Arizona,1,31,C0305,3,1327736.23,442578.74333333335,True,False,False,False,True,1,9,2
C0306,Samuel,Foster,1988-04-05,M,USA,California,1,38,C0306,4,1399698.79,349924.6975,True,False,False,True,False,8,9,0
C0307,Samuel,Freeman,1992-10-13,M,USA,California,5,34,C0307,4,1490170.3800000001,372542.59500000003,True,False,True,True,False,8,9,2
C0308,Catherine,Roberts,1972-10-10,F,Belgium,Flanders,4,54,C0308,3,1176582.54,392194.18,True,True,True,False,False,13,1,1
C0309,Stephanie,Cox,1957-10-15,F,USA,Washington,4,69,C0309,3,1382649.58,460883.19333333336,True,False,False,False,False,53,9,3
C0310,Edward,Weaver,1992-05-02,M,UK,Northern Ireland,3,34,C0310,3,1389329.62,463109.87333333335,True,False,False,False,True,31,8,2
C0311,Justin,Anderson,1952-03-09,M,USA,Georgia,2,74,C0311,4,1632999.56,408249.89,True,False,False,False,True,15,9,2
C0312,Zachary,Cooper,1941-01-14,M,USA,Nevada,3,85,C0312,4,1105668.66,276417.165,True,False,True,False,True,25,9,0
C0313,Stratos,Co,1974-04-12,M,USA,California,1,52,C0313,3,1091085.9300000002,363695.31000000006,False,False,False,False,False,8,9,0
C0314,Andrew,Jones,1982-08-23,M,USA,Washington,4,44,C0314,3,1040795.02,346931.67333333334,True,True,False,False,False,53,9,3
C0315,Michael,Phillips,1987-03-18,M,Mexico,Baja California,5,39,C0315,4,1178606.56,294651.64,True,True,False,False,True,2,6,0
C0316,Brandon,Martin,1997-04-14,M,UK,Scotland,4,29,C0316,4,1792447.27,448111.8175,True,True,True,False,True,43,8,2
C0317,Amber,Hansen,1999-11-17,F,USA,California,2,27,C0317,3,1248444.31,416148.10333333333,True,True,True,False,True,8,9,2
C0318,Amy,Peterson,1974-03-22,F,Germany,Berlin,5,52,C0318,3,871968.67,290656.2233333333,True,False,False,False,True,4,5,1
C0319,Zynex,Co,1995-11-12,F,USA,Texas,5,31,C0319,4,2061054.65,515263.6625,False,False,True,False,True,47,9,2
C0320,Tyler,Cox,1984-12-01,M,USA,Texas,3,42,C0320,3,1317732.09,439244.03,True,False,True,True,False,47,9,3
C0321,Jesse,Cook,1992-01-12,M,USA,California,2,34,C0321,4,1701753.71,425438.4275,True,True,False,False,False,8,9,2
C0322,Deborah,Moore,1996-12-25,F,USA,California,2,30,C0322,3,1347002.93,449000.9766666666,True,False,True,False,True,8,9,2
C0323,Samantha,Hayes,1975-09-16,F,USA,California,2,51,C0323,3,1230825.62,410275.2066666667,True,True,True,False,True,8,9,2
C0324,Raymond,Parker,1993-06-14,M,USA,Washington,4,33,C0324,3,1147121.25,382373.75,True,False,False,False,True,53,9,3
C0325,Maria,Flores,1983-02-24,F,USA,California,5,43,C0325,4,1205175.56,301293.89,True,False,True,False,False,8,9,0
C0326,Daniel,Reed,1958-05-10,M,USA,Oregon,4,68,C0326,4,1321975.5,330493.875,True,True,True,False,False,37,9,3
C0327,Elizabeth,Ward,1961-07-09,F,UK,Scotland,1,65,C0327,4,1116366.72,279091.68,True,False,False,False,False,43,8,3
C0328,William,Young,1946-10-22,M,USA,California,1,80,C0328,4,1356560.31,339140.0775,True,False,True,True,False,8,9,0
C0329,Diane,Morales,1998-10-05,F,Germany,Hesse,3,28,C0329,3,770062.4,256687.46666666667,True,False,False,False,False,17,5,1
C0330,Christian,Richardson,1975-06-21,M,USA,California,1,51,C0330,4,1331463.63,332865.9075,True,False,False,False,True,8,9,0
C0331,Ann,Martin,1984-05-23,F,USA,California,3,42,C0331,4,1546334.4,386583.6,True,True,False,False,False,8,9,2
C0332,Christopher,Price,1989-12-15,M,USA,Texas,3,37,C0332,3,1209987.46,403329.1533333333,True,True,False,False,True,47,9,3
C0333,Helen,Hall,1955-12-23,F,UK,Wales,3,71,C0333,3,1118960.06,372986.6866666667,True,False,False,False,True,51,8,3
C0334,Andrew,Roberts,1950-08-01,M,USA,Arizona,3,76,C0334,4,1445655.93,361413.9825,True,True,False,False,False,1,9,2
C0335,Charles,Morris,1975-12-24,M,USA,Arizona,4,51,C0335,4,1478341.12,369585.28,True,False,False,False,True,1,9,2
C0336,Karen,Price,1971-11-17,F,USA,California,5,55,C0336,3,1163690.5899999999,387896.8633333333,True,True,False,False,False,8,9,2
C0337,Nathan,Alexander,1942-01-27,M,USA,Arizona,3,84,C0337,3,759310.2,253103.4,True,False,True,False,True,1,9,0
C0338,Patrick,Flores,1943-05-28,M,USA,California,5,83,C0338,4,1488671.1300000001,372167.78250000003,True,False,True,False,True,8,9,2
C0339,Keith,King,1963-10-05,M,USA,Utah,5,63,C0339,4,1548824.23,387206.0575,True,True,False,False,False,48,9,3
C0340,Daniel,Garcia,1940-11-25,M,USA,California,2,86,C0340,3,1047500.4199999999,349166.80666666664,True,True,False,False,False,8,9,0
C0341,Carl,Chavez,1982-11-10,M,USA,California,4,44,C0341,4,1679555.42,419888.855,True,True,False,False,False,8,9,2
C0342,Kevin,Hughes,1974-08-15,M,USA,California,2,52,C0342,3,1290567.3900000001,430189.13000000006,True,True,False,True,False,8,9,2
C0343,Joyce,Thompson,1952-06-17,F,USA,California,2,74,C0343,4,1630923.97,407730.9925,True,False,False,False,True,8,9,2
C0344,Joshua,Jackson,1997-05-13,M,Canada,British Columbia,2,29,C0344,4,1276344.68,319086.17,True,False,True,False,True,5,2,1
C0345,Stephanie,Hall,1969-09-15,F,USA,New York,4,57,C0345,3,1339687.25,446562.4166666667,True,False,True,False,True,27,9,2
C0346,Amy,Nelson,1963-06-02,F,USA,California,5,63,C0346,3,1174812.8599999999,391604.2866666666,True,False,False,False,False,8,9,2
C0347,Mark,Reyes,1992-05-24,M,USA,Washington,3,34,C0347,3,1378006.45,459335.48333333334,True,False,True,False,True,53,9,3
C0348,Jack,Pierce,1982-02-13,M,USA,Colorado,5,44,C0348,4,1482633.92,370658.48,True,True,True,False,False,11,9,2
C0349,Paul,Jackson,1975-06-26,M,USA,Arizona,2,51,C0349,3,1065745.84,355248.61333333334,True,False,True,False,False,1,9,0
C0350,Richard,Jones,1992-12-11,M,USA,Arizona,2,34,C0350,3,1066408.3,355469.43333333335,True,False,False,False,False,1,9,0
C0351,Michelle,Watson,1961-12-27,F,USA,Oregon,5,65,C0351,4,1551113.76,387778.44,True,False,False,False,False,37,9,2
C0352,Judith,Williams,1977-06-22,F,USA,Nevada,3,49,C0352,3,1339830.04,446610.01333333337,True,True,False,False,False,25,9,2
C0353,Anna,Murray,1964-04-24,F,USA,Arizona,2,62,C0353,3,889855.16,296618.38666666666,True,False,False,False,False,1,9,0
C0354,Kimberly,Turner,1998-10-23,F,USA,California,4,28,C0354,3,962196.6000000001,320732.2,True,False,False,False,True,8,9,0
C0355,Henry,Alexander,1951-10-16,M,Mexico,Baja California,1,75,C0355,3,1029593.97,343197.99,True,True,False,False,True,2,6,0
C0356,Andrea,Kim,1976-06-06,F,USA,Georgia,3,50,C0356,4,964351.9,241087.975,True,False,False,False,True,15,9,0
C0357,Danielle,Griffin,1988-04-09,F,USA,California,3,38,C0357,3,970629.22,323543.0733333333,True,False,False,False,True,8,9,0
C0358,Katherine,Griffin,1978-09-26,F,Australia,New South Wales,3,48,C0358,3,1150919.74,383639.91333333333,True,False,True,False,False,26,0,1
C0359,Julie,Cooper,1951-03-10,F,USA,California,1,75,C0359,3,1098189.8900000001,366063.2966666667,True,True,False,False,False,8,9,0
C0360,Laura,Baker,1948-09-09,F,USA,Utah,2,78,C0360,4,1978026.48,494506.62,True,False,True,False,False,48,9,2
C0361,Nicholas,Miller,1958-09-08,M,UK,England,1,68,C0361,4,1468372.25,367093.0625,True,False,True,False,True,12,8,2
C0362,Betty,Moore,2000-09-06,F,USA,Utah,4,26,C0362,3,1129669.4,376556.4666666666,True,False,False,False,True,48,9,3
C0363,Christine,Edwards,1959-01-25,F,USA,Utah,2,67,C0363,4,1232301.44,308075.36,True,True,False,True,False,48,9,3
C0364,George,Gray,1944-03-02,M,USA,Texas,2,82,C0364,4,1492505.18,373126.295,True,False,False,False,True,47,9,3
C0365,Brandon,Morales,1962-02-11,M,USA,Colorado,5,64,C0365,3,951259.9,317086.63333333336,True,True,False,False,False,11,9,0
C0366,Keith,Long,1983-04-26,M,USA,California,4,43,C0366,3,1420135.32,473378.44,True,False,False,False,True,8,9,2
C0367,Samuel,Collins,1964-11-25,M,USA,California,4,62,C0367,4,1662617.88,415654.47,True,True,False,False,False,8,9,2
C0368,Betty,Scott,1992-08-11,F,USA,California,4,34,C0368,4,1494552.45,373638.1125,True,False,True,False,False,8,9,2
C0369,Helen,Murray,1954-10-01,F,USA,Utah,2,72,C0369,4,1586439.08,396609.77,True,False,True,False,False,48,9,3
C0370,Michelle,Brooks,1957-09-23,F,Russia,Krasnodar Krai,1,69,C0370,4,1613633.3900000001,403408.34750000003,True,False,False,False,True,21,7,2
C0371,Ryan,Moore,1970-03-15,M,Belgium,Wallonia,3,56,C0371,3,827208.61,275736.2033333333,True,True,False,False,False,52,1,1
C0372,Teresa,Nelson,1952-04-22,F,Belgium,Flanders,1,74,C0372,3,1280128.06,426709.35333333333,True,True,False,False,False,13,1,1
C0373,Karen,Morales,1993-01-27,F,USA,Georgia,2,33,C0373,3,1047277.1799999999,349092.3933333333,True,False,False,False,False,15,9,0
C0374,Madison,Hughes,1993-11-07,F,Australia,New South Wales,4,33,C0374,4,916825.86,229206.465,True,True,True,False,False,26,0,1
C0375,Kyle,Thompson,1968-07-15,M,USA,California,4,58,C0375,3,1178580.6400000001,392860.2133333334,True,True,False,False,True,8,9,2
C0376,Shirley,Smith,1953-04-19,F,USA,California,3,73,C0376,3,1182808.29,394269.43,True,False,False,False,True,8,9,2
C0377,Charles,Patterson,1998-05-14,M,USA,Washington,4,28,C0377,3,822780.32,274260.10666666663,True,False,False,False,True,53,9,3
C0378,Heather,Anderson,1957-11-28,F,USA,California,3,69,C0378,3,812387.51,270795.83666666667,True,True,True,False,True,8,9,0
C0379,Optima,Co,1977-04-22,M,USA,California,2,49,C0379,4,1254919.3599999999,313729.83999999997,False,True,True,True,False,8,9,0
C0380,Evelyn,Chavez,1973-09-13,F,USA,California,3,53,C0380,3,939708.87,313236.29,True,False,True,False,True,8,9,0
C0381,David,Gray,1961-01-08,M,USA,California,5,65,C0381,3,878913.19,292971.0633333333,True,False,True,False,False,8,9,0
C0382,Nicholas,Garcia,1975-08-08,M,USA,California,1,51,C0382,3,980139.25,326713.0833333333,True,True,True,False,False,8,9,0
C0383,Novex,Co,1985-11-09,F,Mexico,Mexico City,3,41,C0383,4,968070.64,242017.66,False,True,False,False,False,23,6,0
C0384,Amy,Stewart,1944-03-22,F,USA,California,3,82,C0384,3,1010761.74,336920.58,True,False,True,False,True,8,9,0
C0385,Douglas,Owens,1969-01-12,M,UK,Northern Ireland,4,57,C0385,3,1289646.4100000001,429882.1366666667,True,True,False,False,True,31,8,2
C0386,Carol,Stewart,1976-03-25,F,USA,Colorado,2,50,C0386,3,1633972.21,544657.4033333333,True,False,False,True,False,11,9,2
C0387,Jessica,Owens,1974-07-18,F,USA,California,2,52,C0387,4,1992983.55,498245.8875,True,False,True,False,True,8,9,2
C0388,Zachary,Cox,1995-09-24,M,USA,California,4,31,C0388,3,961894.92,320631.64,True,False,False,False,False,8,9,0
C0389,Ronald,Stone,1954-11-18,M,USA,Colorado,3,72,C0389,4,1261549.0899999999,315387.27249999996,True,False,False,False,True,11,9,0
C0390,Steven,Griffin,1942-04-23,M,Canada,Quebec,2,84,C0390,4,1678762.0699999998,419690.51749999996,True,True,False,False,True,40,2,1
C0391,Heather,Long,1966-11-12,F,USA,California,5,60,C0391,3,1035012.9099999999,345004.3033333333,True,False,False,False,False,8,9,0
C0392,Katherine,Adams,1977-06-14,F,USA,Arizona,2,49,C0392,4,1015830.03,253957.5075,True,False,True,False,True,1,9,0
C0393,Nicole,Allen,1988-06-08,F,USA,Arizona,4,38,C0393,4,1616556.78,404139.195,True,False,False,False,False,1,9,2
C0394,Shirley,Foster,1954-11-24,F,USA,Colorado,3,72,C0394,4,1258840.0,314710.0,True,False,True,False,True,11,9,0
C0395,Deborah,Chavez,1959-01-17,F,USA,Florida,1,67,C0395,3,1153134.48,384378.16,True,False,False,False,True,14,9,0
C0396,Charles,Allen,2000-04-17,M,USA,Nevada,5,26,C0396,4,1181447.25,295361.8125,True,False,False,False,False,25,9,3
C0397,Hannah,Williams,2000-09-18,F,USA,California,5,26,C0397,3,793543.27,264514.42333333334,True,False,False,False,True,8,9,0
C0398,Jennifer,Alexander,1948-12-22,F,USA,Texas,1,78,C0398,4,1186693.85,296673.4625,True,False,True,False,False,47,9,3
C0399,Albert,Kim,1984-06-09,M,USA,California,4,42,C0399,4,1229057.49,307264.3725,True,False,False,False,False,8,9,0
C0400,Brandon,Anderson,1959-11-25,M,USA,California,4,67,C0400,4,1360152.99,340038.2475,True,False,False,False,False,8,9,0
C0401,Brian,Anderson,1969-07-21,M,USA,Arizona,5,57,C0401,4,1020913.0700000001,255228.26750000002,True,False,True,False,True,1,9,0
C0402,Brenda,Garcia,1941-02-22,F,USA,Georgia,5,85,C0402,3,1054166.95,351388.98333333334,True,False,False,False,True,15,9,0
C0403,Jennifer,Adams,1963-03-25,F,Australia,New South Wales,1,63,C0403,3,878792.98,292930.99333333335,True,False,False,False,True,26,0,1
C0404,Sara,Cook,1976-12-05,F,France,Normandy,1,50,C0404,3,731788.96,243929.65333333332,True,True,False,True,False,28,4,1
C0405,Horizon,Co,1969-12-25,M,USA,Colorado,1,57,C0405,4,1310963.25,327740.8125,False,False,False,False,False,11,9,0
C0406,Christine,Brown,1960-05-26,F,USA,Colorado,3,66,C0406,4,1317165.12,329291.28,True,False,False,False,True,11,9,0
C0407,Lisa,Freeman,1982-04-23,F,USA,California,2,44,C0407,4,1254494.91,313623.7275,True,False,False,True,False,8,9,0
C0408,Tyler,Rogers,1977-02-03,M,USA,California,3,49,C0408,3,1320497.01,440165.67,True,False,False,False,True,8,9,2
C0409,Timothy,Reyes,1972-09-18,M,USA,Nevada,1,54,C0409,4,1816669.2,454167.3,True,False,True,False,True,25,9,2
C0410,Diane,Johnson,1982-07-13,F,Russia,Saint Petersburg,5,44,C0410,3,1021706.02,340568.67333333334,True,False,True,False,False,42,7,3
C0411,Amanda,Moore,1983-05-09,F,USA,California,2,43,C0411,3,896987.21,298995.73666666663,True,False,False,False,True,8,9,0
C0412,Karen,Richardson,1984-04-24,F,UK,Scotland,5,42,C0412,3,1100376.25,366792.0833333333,True,False,False,False,True,43,8,3
C0413,Brandon,Smith,1940-07-11,M,Canada,British Columbia,3,86,C0413,4,1769126.22,442281.555,True,False,False,False,True,5,2,1
C0414,Brandon,Reed,1962-12-07,M,USA,California,4,64,C0414,4,1412148.94,353037.235,True,False,False,False,True,8,9,2
C0415,Grace,Turner,1980-07-09,F,USA,Nevada,5,46,C0415,4,1305928.3499999999,326482.08749999997,True,False,True,False,False,25,9,3
C0416,Bravada,Co,1981-07-28,M,Germany,North Rhine-Westphalia,5,45,C0416,3,1059532.51,353177.50333333336,False,True,True,True,False,30,5,1
C0417,Peter,Collins,1947-12-03,M,USA,Utah,2,79,C0417,3,1354773.96,451591.32,True,False,False,False,True,48,9,3
C0418,Douglas,Howard,1996-08-20,M,USA,Arizona,5,30,C0418,4,1629486.83,407371.7075,True,False,False,False,False,1,9,2
C0419,Jack,Hansen,1962-11-03,M,USA,Washington,3,64,C0419,4,1174012.19,293503.0475,True,False,True,False,False,53,9,3
C0420,Debra,Reyes,1994-01-04,F,USA,California,5,32,C0420,3,1260096.1600000001,420032.0533333334,True,False,False,False,False,8,9,2
C0421,Zachary,Cox,1975-08-25,M,Germany,Hesse,5,51,C0421,4,1495763.3699999999,373940.84249999997,True,True,True,False,True,17,5,2
C0422,Telnox,Co,1973-11-13,F,USA,California,1,53,C0422,4,1653171.62,413292.905,False,False,True,True,False,8,9,2
C0423,Rachel,Sanders,1950-04-17,F,USA,California,1,76,C0423,3,1068716.19,356238.73,True,False,False,True,False,8,9,0
C0424,Sarah,Stewart,1998-12-04,F,USA,Florida,1,28,C0424,3,1034036.3,344678.76666666666,True,False,False,False,True,14,9,0
C0425,Gerald,Wright,1965-03-11,M,USA,Nevada,2,61,C0425,3,1256932.48,418977.49333333335,True,False,False,False,False,25,9,2
C0426,Julie,Brown,1953-10-07,F,USA,Oregon,4,73,C0426,3,890250.61,296750.2033333333,True,False,True,True,False,37,9,3
C0427,Sarah,Peterson,1994-09-06,F,USA,California,4,32,C0427,4,1457016.31,364254.0775,True,False,True,False,True,8,9,2
C0428,Gloria,Rogers,1962-07-20,F,USA,Oregon,3,64,C0428,4,984451.32,246112.83,True,False,False,False,False,37,9,3
C0429,Danielle,Stone,1995-11-05,F,USA,California,3,31,C0429,4,1503904.1600000001,375976.04000000004,True,False,True,False,True,8,9,2
C0430,Roger,Wood,1974-10-05,M,USA,Nevada,2,52,C0430,3,931141.96,310380.6533333333,True,False,False,False,False,25,9,0
C0431,Austin,King,1969-05-05,M,USA,California,5,57,C0431,4,1544751.33,386187.8325,True,False,True,False,True,8,9,2
C0432,Grandis,Co,1995-02-17,M,USA,California,5,31,C0432,4,1277850.15,319462.5375,False,False,False,False,False,8,9,0
C0433,Ruth,Hughes,1969-03-03,F,USA,California,2,57,C0433,4,1937061.37,484265.3425,True,True,True,False,True,8,9,2
C0434,Amanda,Sanders,1964-12-25,F,Russia,Tatarstan,5,62,C0434,3,1364889.24,454963.08,True,False,False,False,True,46,7,3
C0435,Sara,Richardson,1966-01-25,F,Australia,New South Wales,5,60,C0435,3,908970.34,302990.11333333334,True,False,True,False,True,26,0,1
C0436,Brandon,Jones,1972-05-12,M,USA,Colorado,2,54,C0436,4,1327594.64,331898.66,True,False,True,True,False,11,9,0
C0437,Danielle,James,1990-10-05,F,USA,Texas,1,36,C0437,3,657032.8200000001,219010.94000000003,True,False,False,False,True,47,9,3
C0438,Gregory,Collins,1982-10-09,M,USA,Georgia,1,44,C0438,4,1458641.1,364660.275,True,True,True,True,False,15,9,2
C0439,Larry,Thompson,1956-03-08,M,USA,Virginia,2,70,C0439,3,1273328.62,424442.87333333335,True,False,False,False,False,50,9,3
C0440,Lawrence,Parker,1960-07-13,M,USA,California,1,66,C0440,3,703498.83,234499.61,True,True,False,False,False,8,9,0
C0441,Joan,Foster,1980-10-01,F,Russia,Krasnodar Krai,1,46,C0441,4,1525849.55,381462.3875,True,True,False,False,False,21,7,2
C0442,Sarah,Hansen,1975-04-14,F,USA,Colorado,3,51,C0442,4,1707466.97,426866.7425,True,False,True,False,True,11,9,2
C0443,Noah,Foster,1950-06-22,M,Denmark,Capital Region,1,76,C0443,3,1355839.1,451946.3666666667,True,False,True,False,False,9,3,1
C0444,Jennifer,Martin,1941-03-15,F,USA,California,2,85,C0444,4,1054514.54,263628.635,True,False,False,False,True,8,9,0
C0445,Michelle,Evans,1995-11-12,F,USA,California,2,31,C0445,4,1425691.63,356422.9075,True,False,True,False,True,8,9,2
C0446,Douglas,Thomas,1955-02-01,M,USA,Colorado,2,71,C0446,3,1024655.04,341551.68,True,False,False,False,True,11,9,0
C0447,Patricia,Johnson,1956-06-27,F,USA,New York,2,70,C0447,3,1543592.15,514530.7166666666,True,False,False,False,True,27,9,2
C0448,Mark,White,1980-06-10,M,USA,Nevada,2,46,C0448,3,942066.48,314022.16,True,True,False,False,False,25,9,0
C0449,Jordan,King,1972-06-24,M,USA,Oregon,2,54,C0449,3,1418922.44,472974.14666666667,True,True,False,False,False,37,9,2
C0450,Matthew,Jackson,1992-02-19,M,Mexico,Nuevo Leon,3,34,C0450,4,1555297.3699999999,388824.34249999997,True,False,False,False,True,33,6,2
C0451,Larry,Anderson,1985-09-20,M,Canada,Alberta,5,41,C0451,4,1665967.4100000001,416491.85250000004,True,True,True,True,False,0,2,1
C0452,Brandon,Adams,1967-10-17,M,USA,Washington,3,59,C0452,4,1398358.69,349589.6725,True,False,False,False,True,53,9,3
C0453,Carl,Wood,1993-04-16,M,UK,Scotland,1,33,C0453,4,1321010.76,330252.69,True,True,False,False,True,43,8,3
C0454,Altira,Co,1961-04-01,F,USA,Nevada,4,65,C0454,3,980683.73,326894.57666666666,False,True,False,False,False,25,9,0
C0455,Karen,Williams,1963-02-01,F,USA,California,1,63,C0455,4,1125726.62,281431.655,True,False,False,False,False,8,9,0
C0456,Virginia,Brooks,1995-11-18,F,USA,Oregon,3,31,C0456,3,1349210.55,449736.85000000003,True,False,True,False,True,37,9,2
C0457,Kenneth,Hansen,1980-07-19,M,UK,Wales,1,46,C0457,3,1399940.21,466646.73666666663,True,True,False,False,False,51,8,3
C0458,Thomas,Turner,1995-07-04,M,USA,Oregon,1,31,C0458,4,1382881.81,345720.4525,True,True,False,False,False,37,9,3
C0459,Steven,Johnson,1955-03-23,M,USA,California,3,71,C0459,3,821716.14,273905.38,True,False,False,False,False,8,9,0
C0460,Amanda,Cox,1992-12-25,F,USA,Virginia,1,34,C0460,3,1061349.03,353783.01,True,False,False,False,True,50,9,3
C0461,Jonathan,Peterson,1960-02-16,M,USA,Arizona,1,66,C0461,3,986630.39,328876.7966666667,True,False,False,False,False,1,9,0
C0462,Eric,White,1943-10-22,M,Australia,Victoria,2,83,C0462,4,1606667.68,401666.92,True,False,False,False,False,49,0,1
C0463,Nicholas,Garcia,1970-06-13,M,USA,California,5,56,C0463,4,1235094.73,308773.6825,True,False,False,True,False,8,9,0
C0464,Gregory,Turner,1974-12-11,M,USA,Florida,5,52,C0464,4,1455550.0,363887.5,True,False,False,False,True,14,9,2
C0465,George,Carter,1949-09-02,M,USA,California,3,77,C0465,3,707799.9199999999,235933.30666666664,True,False,False,False,True,8,9,0
C0466,Patricia,Cox,1988-05-19,F,USA,Virginia,2,38,C0466,4,1228651.21,307162.8025,True,True,False,False,True,50,9,3
C0467,Rebecca,Chavez,1952-04-05,F,USA,Ohio,1,74,C0467,3,976066.93,325355.64333333337,True,False,True,False,False,35,9,3
C0468,Raymond,Smith,1952-11-13,M,Mexico,Jalisco,3,74,C0468,3,1267396.7999999998,422465.5999999999,True,True,True,False,True,19,6,2
C0469,Adam,Foster,1997-03-23,M,USA,California,2,29,C0469,4,1518476.47,379619.1175,True,False,False,False,True,8,9,2
C0470,Joan,Anderson,1963-02-17,F,USA,Oregon,1,63,C0470,3,862552.54,287517.51333333337,True,False,False,False,False,37,9,3
C0471,Gary,Collins,1984-06-26,M,USA,Utah,3,42,C0471,3,1084997.39,361665.79666666663,True,True,False,False,False,48,9,3
C0472,Edward,Moore,1951-10-04,M,USA,California,4,75,C0472,3,1277486.3699999999,425828.79,True,False,False,False,True,8,9,2
C0473,Sharon,Price,1981-08-09,F,USA,California,3,45,C0473,4,1304527.6600000001,326131.91500000004,True,False,False,False,False,8,9,0
C0474,Gregory,Young,1995-12-08,M,USA,Nevada,1,31,C0474,4,962015.29,240503.8225,True,False,False,False,True,25,9,0
C0475,William,Brooks,1946-08-18,M,Belgium,Wallonia,2,80,C0475,3,1234470.16,411490.0533333333,True,True,True,False,False,52,1,1
C0476,Steven,Johnson,1997-04-05,M,USA,Florida,3,29,C0476,4,1485303.01,371325.7525,True,False,False,False,False,14,9,2
C0477,Jesse,Stone,1984-02-01,M,USA,California,4,42,C0477,3,1535114.88,511704.95999999996,True,True,True,False,True,8,9,2
C0478,Ashley,Garcia,1940-08-02,F,USA,Ohio,4,86,C0478,3,774892.79,258297.59666666668,True,True,False,False,True,35,9,3
C0479,Virginia,Wright,1978-04-06,F,USA,California,2,48,C0479,4,1172782.93,293195.7325,True,False,True,False,False,8,9,0
C0480,Scott,Bryant,1974-09-16,M,USA,California,4,52,C0480,4,1033261.03,258315.2575,True,False,True,False,True,8,9,0
C0481,Sean,Williams,1976-12-12,M,USA,Arizona,3,50,C0481,4,1365460.24,341365.06,True,False,False,False,False,1,9,0
C0482,Deborah,Brown,1980-10-08,F,USA,New York,3,46,C0482,3,1006132.77,335377.59,True,True,True,False,False,27,9,3
C0483,Kevin,Jackson,1985-11-08,M,USA,Arizona,1,41,C0483,3,881113.79,293704.5966666667,True,True,False,False,True,1,9,0
C0484,Janet,Wright,1989-04-19,F,USA,Texas,3,37,C0484,4,1313240.67,328310.1675,True,True,False,False,True,47,9,3
C0485,Julia,Morales,1991-10-07,F,USA,Arizona,2,35,C0485,3,1000841.1799999999,333613.7266666666,True,False,False,False,True,1,9,0
C0486,Billy,Carter,1999-09-16,M,USA,California,2,27,C0486,3,1090587.66,363529.22,True,True,True,False,True,8,9,0
C0487,Jessica,Williams,1991-10-23,F,USA,Washington,5,35,C0487,4,1576272.71,394068.1775,True,False,False,False,True,53,9,3
C0488,Megan,Jackson,1979-05-11,F,USA,California,4,47,C0488,4,1218265.3599999999,304566.33999999997,True,True,False,False,False,8,9,0
C0489,Austin,Jordan,1950-06-08,M,Germany,Berlin,2,76,C0489,3,1025274.77,341758.25666666665,True,True,False,False,True,4,5,0
C0490,Emily,Wright,1954-01-23,F,USA,Nevada,5,72,C0490,3,1292367.93,430789.31,True,True,True,False,True,25,9,2
C0491,Noah,White,1941-08-05,M,USA,Washington,2,85,C0491,3,1106379.8,368793.26666666666,True,False,False,False,True,53,9,3
C0492,Raymond,Price,2000-05-07,M,USA,Utah,3,26,C0492,4,1300917.1,325229.275,True,False,True,False,True,48,9,3
C0493,Tyler,Hughes,1954-07-06,M,USA,Colorado,3,72,C0493,4,1312198.98,328049.745,True,False,False,False,True,11,9,0
C0494,Grace,Carter,1990-08-03,F,USA,California,3,36,C0494,4,1052676.65,263169.1625,True,False,True,False,True,8,9,0
C0495,Jerry,Hall,1954-02-18,M,USA,California,5,72,C0495,4,1246742.44,311685.61,True,True,False,True,False,8,9,0
C0496,Billy,Reyes,1990-01-04,M,USA,California,4,36,C0496,4,1120376.44,280094.11,True,False,False,False,False,8,9,0
C0497,Emma,Stewart,1985-02-02,F,USA,Arizona,4,41,C0497,3,1330684.99,443561.66333333333,True,True,True,False,True,1,9,2
C0498,Nancy,Collins,1948-11-21,F,Canada,Alberta,2,78,C0498,3,1007455.29,335818.43,True,False,True,False,True,0,2,1
C0499,Lisa,Patterson,1946-02-10,F,USA,Colorado,3,80,C0499,3,897769.81,299256.60333333333,True,False,True,False,False,11,9,0
C0500,Dennis,Howard,1977-03-15,M,USA,California,4,49,C0500,3,1294944.52,431648.17333333334,True,False,True,False,True,8,9,2
C0501,Kenneth,Jackson,1995-11-12,M,USA,Nevada,5,31,C0501,4,1741166.27,435291.5675,True,True,True,False,False,25,9,2
C0502,Madison,Gray,1966-11-28,F,USA,Arizona,4,60,C0502,4,1537989.75,384497.4375,True,False,False,False,True,1,9,2
C0503,Keith,Peterson,1943-09-26,M,USA,Utah,2,83,C0503,4,1432167.34,358041.835,True,True,True,True,False,48,9,3
C0504,Jeffrey,Green,1992-01-14,M,USA,Utah,2,34,C0504,4,1367188.58,341797.145,True,False,False,False,True,48,9,3
C0505,Katherine,Wilson,1995-07-18,F,USA,Arizona,3,31,C0505,3,1043535.21,347845.07,True,False,False,False,False,1,9,0
C0506,Albert,Stone,1967-07-04,M,USA,California,5,59,C0506,3,1122203.03,374067.6766666667,True,False,False,False,False,8,9,2
C0507,Mark,Morales,1951-02-26,M,USA,New York,3,75,C0507,3,1062656.6099999999,354218.86999999994,True,False,False,False,True,27,9,3
C0508,Grace,Weaver,1970-01-06,F,USA,Nevada,5,56,C0508,3,833710.06,277903.35333333333,True,False,False,False,False,25,9,0
C0509,Aaron,Cook,1956-04-02,M,Belgium,Wallonia,3,70,C0509,4,1687930.25,421982.5625,True,False,False,False,True,52,1,1
C0510,Samantha,Evans,1947-08-28,F,France,Brittany,1,79,C0510,3,1094232.67,364744.2233333333,True,True,True,False,True,6,4,1
C0511,Christine,Parker,1954-07-20,F,UK,England,2,72,C0511,3,1090537.6,363512.5333333334,True,False,False,False,True,12,8,0
C0512,Hannah,Flores,1945-06-27,F,USA,Arizona,1,81,C0512,3,1448158.1400000001,482719.38000000006,True,False,False,True,False,1,9,2
C0513,Christian,Morales,1999-03-07,M,USA,Florida,2,27,C0513,3,974596.63,324865.54333333333,True,False,True,False,False,14,9,0
C0514,Rebecca,Evans,1977-08-17,F,USA,Oregon,1,49,C0514,4,1528027.54,382006.885,True,False,True,False,True,37,9,3
C0515,Melissa,Patterson,1963-09-12,F,USA,California,1,63,C0515,4,1561824.93,390456.2325,True,False,True,False,True,8,9,2
C0516,Lawrence,Nelson,1946-04-21,M,USA,Utah,3,80,C0516,4,1437837.49,359459.3725,True,False,False,False,True,48,9,3
C0517,Harold,Thompson,1959-03-20,M,USA,California,5,67,C0517,4,1115807.0,278951.75,True,False,False,True,False,8,9,0
C0518,Lumina,Co,1962-05-22,F,USA,New York,3,64,C0518,4,1633111.65,408277.9125,False,False,False,False,True,27,9,2
C0519,Madison,Freeman,1975-10-04,F,USA,Arizona,3,51,C0519,3,981719.26,327239.75333333336,True,True,False,False,False,1,9,0
C0520,Helen,White,1970-02-11,F,USA,Oregon,3,56,C0520,3,1033523.16,344507.72000000003,True,False,True,False,False,37,9,3
C0521,Stephanie,Allen,1967-04-02,F,Canada,British Columbia,3,59,C0521,4,1074306.5,268576.625,True,False,False,False,True,5,2,1
C0522,Nicole,Campbell,1942-07-13,F,USA,Virginia,5,84,C0522,3,993023.13,331007.71,True,False,False,False,False,50,9,3
C0523,Cynthia,Hansen,1960-08-22,F,USA,Colorado,2,66,C0523,3,928962.95,309654.31666666665,True,False,False,False,False,11,9,0
C0524,Harold,Thompson,1953-05-24,M,USA,Washington,3,73,C0524,3,801104.6900000001,267034.89666666667,True,False,False,False,True,53,9,3
C0525,Frank,Gray,1950-06-12,M,USA,Arizona,4,76,C0525,4,1629457.52,407364.38,True,False,True,False,False,1,9,2
C0526,Harold,Green,1968-02-28,M,Germany,Bavaria,5,58,C0526,3,1301139.77,433713.25666666665,True,False,False,False,True,3,5,2
C0527,Andrew,Baker,1979-07-19,M,USA,California,2,47,C0527,3,1138099.7,379366.56666666665,True,False,False,False,True,8,9,0
C0528,Benjamin,Davis,2000-08-09,M,USA,Washington,2,26,C0528,3,1118472.87,372824.29000000004,True,True,False,True,False,53,9,3
C0529,Paul,Jordan,1973-11-14,M,USA,Nevada,4,53,C0529,4,1268138.95,317034.7375,True,False,True,False,True,25,9,0
C0530,Patricia,Reed,1952-09-07,F,USA,Utah,2,74,C0530,4,1559124.69,389781.1725,True,False,True,False,False,48,9,3
C0531,Emily,White,1976-09-19,F,USA,California,1,50,C0531,4,1911300.7799999998,477825.19499999995,True,False,False,False,True,8,9,2
C0532,Lauren,Moore,1979-08-12,F,Belgium,Flanders,2,47,C0532,4,1075202.77,268800.6925,True,False,False,False,True,13,1,1
C0533,Jeffrey,Williams,1963-09-06,M,USA,Nevada,1,63,C0533,4,990028.19,247507.0475,True,True,False,False,False,25,9,0
C0534,Bryan,Miller,1958-02-21,M,USA,California,1,68,C0534,3,1133195.2,377731.73333333334,True,True,False,False,False,8,9,0
C0535,Judith,Allen,1987-12-22,F,UK,Wales,3,39,C0535,3,1299053.94,433017.98,True,False,False,False,False,51,8,3
C0536,Brittany,Weaver,1956-03-14,F,USA,Arizona,5,70,C0536,3,983106.8400000001,327702.28,True,True,True,False,True,1,9,0
C0537,Carl,Baker,1962-04-25,M,USA,Florida,2,64,C0537,4,1490327.5,372581.875,True,False,False,True,False,14,9,2
C0538,Richard,Pierce,1969-04-23,M,USA,California,1,57,C0538,4,1206897.7000000002,301724.42500000005,True,False,True,False,False,8,9,0
C0539,Lawrence,Bryant,1991-02-25,M,USA,California,1,35,C0539,4,1645321.2,411330.3,True,True,True,False,False,8,9,2
C0540,Anna,Long,1997-02-27,F,USA,New York,3,29,C0540,3,494173.31,164724.43666666668,True,False,False,False,False,27,9,0
C0541,Anthony,Garcia,2000-03-22,M,UK,Northern Ireland,3,26,C0541,4,1721673.54,430418.385,True,False,False,False,False,31,8,2
C0542,Lumina,Co,1985-09-26,M,Mexico,Mexico City,3,41,C0542,4,1195819.4,298954.85,False,False,False,False,True,23,6,0
C0543,Joan,Parker,1947-07-23,F,USA,Texas,2,79,C0543,3,753145.67,251048.55666666667,True,False,True,False,True,47,9,3
C0544,Kevin,White,1974-10-16,M,USA,Utah,2,52,C0544,4,1636756.28,409189.07,True,False,False,False,True,48,9,3
C0545,Paul,Griffin,1942-08-04,M,USA,Colorado,1,84,C0545,3,1260126.39,420042.12999999995,True,False,True,False,False,11,9,2
C0546,Samuel,Flores,1967-12-23,M,Canada,Manitoba,4,59,C0546,3,795528.06,265176.02,True,False,False,True,False,22,2,1
C0547,Diane,Allen,1947-09-20,F,USA,California,2,79,C0547,4,1178457.95,294614.4875,True,True,False,False,False,8,9,0
C0548,Christopher,Foster,1980-04-11,M,USA,California,2,46,C0548,3,1047476.9299999999,349158.9766666666,True,False,False,False,False,8,9,0
C0549,Daniel,Sanders,1972-10-15,M,USA,Florida,4,54,C0549,3,941219.76,313739.92,True,False,False,False,True,14,9,0
C0550,Vertex,Co,1967-04-09,F,USA,Nevada,1,59,C0550,4,1414568.09,353642.0225,False,False,False,False,False,25,9,2
C0551,Billy,Freeman,1960-05-17,M,USA,California,4,66,C0551,3,1007397.56,335799.1866666667,True,True,False,False,True,8,9,0
C0552,Kyle,Cook,1965-10-20,M,USA,Virginia,3,61,C0552,3,1141476.56,380492.1866666667,True,True,False,False,False,50,9,3
C0553,James,Bell,1978-11-26,M,USA,Arizona,3,48,C0553,3,821534.9400000001,273844.98000000004,True,False,False,False,True,1,9,0
C0554,Carl,Moore,1948-12-24,M,Australia,Victoria,1,78,C0554,4,1643592.85,410898.2125,True,False,True,False,False,49,0,1
C0555,Aaron,Nelson,1971-04-23,M,USA,California,4,55,C0555,3,1064533.27,354844.42333333334,True,True,True,False,False,8,9,0
C0556,Zachary,Sanders,1958-10-17,M,USA,Colorado,5,68,C0556,3,1335478.18,445159.3933333333,True,False,False,False,True,11,9,2
C0557,Judy,Griffin,1941-09-25,F,USA,Utah,2,85,C0557,3,733161.98,244387.32666666666,True,True,False,False,True,48,9,3
C0558,Cheryl,Wood,1974-10-23,F,Denmark,North Denmark,3,52,C0558,3,1033995.96,344665.32,True,False,False,False,True,29,3,1
C0559,Corvus,Co,1969-08-18,M,USA,California,5,57,C0559,4,1004028.87,251007.2175,False,False,False,True,False,8,9,0
C0560,Janice,Nelson,1988-04-20,F,Australia,South Australia,3,38,C0560,3,1433718.12,477906.04000000004,True,False,False,False,True,44,0,1
C0561,Bravada,Co,1962-11-20,F,USA,Arizona,3,64,C0561,4,1589252.43,397313.1075,False,True,False,False,True,1,9,2
C0562,Judy,Peterson,1940-11-23,F,USA,Utah,5,86,C0562,4,1423675.7200000002,355918.93000000005,True,True,True,False,True,48,9,3
C0563,William,Howard,1991-01-22,M,USA,California,2,35,C0563,4,1012807.9299999999,253201.98249999998,True,False,True,False,False,8,9,0
C0564,Scott,Adams,1952-09-02,M,USA,Texas,1,74,C0564,3,1135017.6,378339.2,True,False,False,False,False,47,9,3
C0565,Austin,Wood,1985-09-26,M,France,Brittany,1,41,C0565,3,1043494.3200000001,347831.44,True,False,False,False,True,6,4,1
C0566,Janice,Miller,2000-12-09,F,USA,Oregon,4,26,C0566,4,1167701.9,291925.475,True,True,True,False,False,37,9,3
C0567,Megan,Chavez,1953-10-07,F,Russia,Saint Petersburg,2,73,C0567,4,1869286.1,467321.525,True,True,True,False,False,42,7,2
C0568,Timothy,Wright,1953-09-04,M,USA,California,3,73,C0568,3,944335.88,314778.62666666665,True,False,False,False,True,8,9,0
C0569,Mary,Cook,1971-12-05,F,USA,California,5,55,C0569,3,1384749.3,461583.10000000003,True,False,True,True,False,8,9,2
C0570,Hannah,Peterson,1965-06-03,F,France,Occitanie,5,61,C0570,4,1527210.47,381802.6175,True,False,True,False,True,34,4,1
C0571,Adam,Chavez,1966-07-03,M,USA,California,3,60,C0571,4,1549969.49,387492.3725,True,False,False,False,True,8,9,2
C0572,Ann,Johnson,1993-11-12,F,USA,California,5,33,C0572,4,1519677.44,379919.36,True,True,False,False,True,8,9,2
C0573,Altira,Co,1977-04-24,M,USA,Georgia,4,49,C0573,3,785842.76,261947.58666666667,False,False,True,False,False,15,9,0
C0574,Gerald,Cox,1968-09-15,M,USA,California,2,58,C0574,4,1261906.32,315476.58,True,False,False,False,False,8,9,0
C0575,Brian,Hansen,1966-01-21,M,USA,California,2,60,C0575,3,1018391.27,339463.75666666665,True,True,False,False,True,8,9,0
C0576,Terry,Reyes,1959-02-24,M,Germany,Hamburg,1,67,C0576,3,1047406.79,349135.5966666667,True,False,False,True,False,16,5,1
C0577,Christopher,Miller,1989-05-18,M,USA,Arizona,3,37,C0577,3,693899.0099999999,231299.66999999995,True,False,False,False,True,1,9,0
C0578,Lauren,Rogers,1999-07-22,F,USA,Arizona,5,27,C0578,3,707276.53,235758.84333333335,True,False,True,True,False,1,9,0
C0579,Christopher,Ward,1941-09-04,M,USA,Texas,3,85,C0579,3,1198428.6400000001,399476.2133333334,True,True,False,False,True,47,9,3
C0580,Heather,Watson,1948-11-01,F,USA,California,2,78,C0580,4,2158954.7800000003,539738.6950000001,True,False,True,True,False,8,9,2
C0581,Kimberly,Stewart,1957-12-21,F,USA,California,5,69,C0581,4,1029755.56,257438.89,True,True,True,False,True,8,9,0
C0582,Teresa,Pierce,1940-02-10,F,USA,Washington,3,86,C0582,3,708559.1499999999,236186.3833333333,True,True,True,False,True,53,9,3
C0583,Kevin,Scott,1986-10-27,M,USA,California,2,40,C0583,4,1237228.18,309307.045,True,False,False,False,False,8,9,0
C0584,Janice,Taylor,1982-11-03,F,USA,California,5,44,C0584,3,1135691.62,378563.87333333335,True,False,False,False,True,8,9,2
C0585,Anthony,Edwards,1961-02-07,M,USA,Colorado,3,65,C0585,4,1003690.1799999999,250922.54499999998,True,False,False,False,False,11,9,0
C0586,Noah,Morales,1977-06-14,M,USA,California,2,49,C0586,3,1226524.31,408841.4366666667,True,False,True,True,False,8,9,2
C0587,Pamela,Richardson,1992-11-24,F,USA,New York,4,34,C0587,4,1093439.8399999999,273359.95999999996,True,False,False,False,True,27,9,0
C0588,Janice,White,1989-11-20,F,USA,Florida,2,37,C0588,4,1495976.1400000001,373994.03500000003,True,False,False,False,True,14,9,2
C0589,Christopher,Williams,1946-09-21,M,USA,Texas,5,80,C0589,4,1982246.22,495561.555,True,True,False,True,False,47,9,2
C0590,Arthur,Campbell,1966-09-16,M,UK,Scotland,2,60,C0590,4,1105388.8900000001,276347.22250000003,True,True,False,False,True,43,8,3
C0591,Dorothy,Long,1968-09-03,F,USA,Nevada,1,58,C0591,3,1336217.65,445405.8833333333,True,False,False,False,True,25,9,2
C0592,Roger,Moore,1972-03-06,M,USA,Arizona,2,54,C0592,3,787516.58,262505.5266666667,True,True,False,True,False,1,9,0
C0593,Elizabeth,Carter,1952-08-08,F,USA,California,2,74,C0593,4,2012063.38,503015.845,True,False,True,False,False,8,9,2
C0594,Diane,Patterson,1942-08-02,F,USA,Utah,1,84,C0594,3,1137572.87,379190.9566666667,True,False,False,False,False,48,9,3
C0595,Anna,Murray,1966-10-06,F,USA,Utah,3,60,C0595,3,914304.97,304768.3233333333,True,False,False,False,False,48,9,3
C0596,Gerald,Phillips,1976-04-17,M,USA,Nevada,4,50,C0596,4,1094771.49,273692.8725,True,False,False,False,False,25,9,0
C0597,Peter,King,1986-02-17,M,UK,Northern Ireland,2,40,C0597,3,976844.1699999999,325614.7233333333,True,False,True,False,True,31,8,3
C0598,Jacob,Gray,1949-06-24,M,USA,Colorado,4,77,C0598,4,1398930.7000000002,349732.67500000005,True,True,False,False,True,11,9,2
C0599,Jennifer,Turner,1998-03-19,F,Canada,Alberta,2,28,C0599,3,1162815.78,387605.26,True,False,False,False,False,0,2,1
C0600,Thomas,King,1984-03-17,M,USA,Oregon,1,42,C0600,3,917709.61,305903.2033333333,True,True,False,True,False,37,9,3
C0601,Lisa,Nelson,1972-10-16,F,USA,California,4,54,C0601,4,1700411.72,425102.93,True,False,False,False,True,8,9,2
C0602,Albert,Hayes,1984-03-24,M,Germany,Bavaria,4,42,C0602,4,905508.82,226377.205,True,False,False,False,False,3,5,0
C0603,Diane,Thompson,1994-01-07,F,USA,New York,4,32,C0603,4,1218095.3,304523.825,True,False,True,False,False,27,9,3
C0604,Danielle,Montgomery,1998-09-17,F,Belgium,Wallonia,1,28,C0604,3,791133.03,263711.01,True,False,False,False,False,52,1,1
C0605,Nathan,Flores,1974-06-28,M,USA,Utah,4,52,C0605,4,1407314.33,351828.5825,True,False,True,False,False,48,9,3
C0606,Carolyn,Stone,1949-12-25,F,France,Ile-de-France,1,77,C0606,3,1070969.53,356989.8433333333,True,True,False,False,True,18,4,1
C0607,Daniel,Edwards,1962-09-14,M,USA,California,1,64,C0607,3,1125230.1199999999,375076.7066666666,True,False,False,False,False,8,9,0
C0608,Jerry,Adams,1956-06-14,M,USA,California,4,70,C0608,4,1201411.56,300352.89,True,False,False,False,False,8,9,0
C0609,Julia,Richardson,1961-05-22,F,USA,Washington,4,65,C0609,4,1307567.64,326891.91,True,False,False,False,False,53,9,3
C0610,Ann,Owens,1970-05-10,F,USA,California,4,56,C0610,3,1178597.68,392865.8933333333,True,True,False,False,True,8,9,2
C0611,Jacob,Price,1950-12-06,M,USA,California,4,76,C0611,4,1142671.94,285667.985,True,False,False,False,False,8,9,0
C0612,Kevin,Wood,1960-01-26,M,USA,Florida,4,66,C0612,4,1671846.3,417961.575,True,False,False,False,False,14,9,2
C0613,Cynthia,Cox,1995-10-02,F,Australia,Victoria,4,31,C0613,3,1186019.52,395339.84,True,False,False,False,False,49,0,1
C0614,George,Bryant,1972-01-07,M,UK,Wales,3,54,C0614,4,1025958.38,256489.595,True,False,True,False,True,51,8,3
C0615,Jordan,King,1957-01-12,M,USA,Utah,2,69,C0615,4,919002.01,229750.5025,True,False,True,False,True,48,9,3
C0616,Julie,Brooks,1963-04-17,F,USA,Virginia,1,63,C0616,3,1013364.3,337788.10000000003,True,True,True,False,False,50,9,3
C0617,Carolyn,Evans,1986-10-07,F,USA,Ohio,5,40,C0617,3,766861.21,255620.40333333332,True,False,True,False,True,35,9,3
C0618,Austin,Taylor,1968-05-11,M,USA,Texas,3,58,C0618,3,982803.0,327601.0,True,False,False,False,False,47,9,3
C0619,Heather,Morales,1970-04-25,F,USA,Washington,4,56,C0619,3,1411977.41,470659.13666666666,True,False,False,False,True,53,9,3
C0620,Sarah,Howard,1960-04-22,F,France,Brittany,3,66,C0620,3,1532429.29,510809.76333333337,True,False,False,False,True,6,4,2
C0621,Jonathan,Turner,1982-02-13,M,Germany,Bavaria,3,44,C0621,3,791609.11,263869.7033333333,True,True,True,False,False,3,5,0
C0622,Katherine,Ward,1987-10-09,F,USA,Washington,2,39,C0622,3,869334.73,289778.24333333335,True,True,False,True,False,53,9,3
C0623,Jonathan,Adams,1986-04-27,M,USA,Florida,3,40,C0623,4,1410333.45,352583.3625,True,True,True,True,False,14,9,2
C0624,Carl,Jordan,2000-09-02,M,USA,Nevada,3,26,C0624,3,1215611.54,405203.8466666667,True,True,False,False,False,25,9,2
C0625,Deborah,Hayes,1983-07-08,F,Belgium,Flanders,2,43,C0625,4,1000166.88,250041.72,True,True,True,False,False,13,1,1
C0626,Sara,Jones,1968-06-13,F,Germany,Hamburg,2,58,C0626,3,1061694.1300000001,353898.0433333334,True,True,False,False,True,16,5,1
C0627,Katherine,Johnson,2000-11-07,F,USA,Arizona,3,26,C0627,4,1870806.42,467701.605,True,False,False,False,False,1,9,2
C0628,Arthur,Campbell,1985-05-16,M,Canada,British Columbia,3,41,C0628,4,1623109.63,405777.4075,True,False,True,False,False,5,2,1
C0629,Maria,Richardson,1946-07-09,F,USA,California,2,80,C0629,3,961721.77,320573.92333333334,True,True,False,False,False,8,9,0
C0630,Stephen,Roberts,1965-07-28,M,USA,California,2,61,C0630,4,1308077.6099999999,327019.40249999997,True,False,False,False,True,8,9,0
C0631,Dorothy,Flores,1966-12-11,F,USA,California,5,60,C0631,4,1534891.22,383722.805,True,False,False,False,True,8,9,2
C0632,Thomas,Nelson,1948-05-16,M,UK,Northern Ireland,4,78,C0632,4,1146845.98,286711.495,True,False,False,False,True,31,8,3
C0633,Ann,Owens,1941-05-12,F,USA,Nevada,3,85,C0633,4,1207516.26,301879.065,True,False,False,False,False,25,9,0
C0634,Justin,Ward,1980-11-17,M,USA,Washington,4,46,C0634,3,1181693.63,393897.87666666665,True,True,True,False,True,53,9,3
C0635,Kimberly,King,1960-06-14,F,UK,Scotland,5,66,C0635,3,1375700.03,458566.6766666667,True,True,False,False,True,43,8,2
C0636,Kathleen,Rogers,1980-11-10,F,France,Brittany,5,46,C0636,4,981810.0800000001,245452.52000000002,True,False,False,False,True,6,4,1
C0637,Catherine,Stone,1967-08-14,F,USA,California,2,59,C0637,4,1602478.07,400619.5175,True,False,False,False,True,8,9,2
C0638,Jason,King,1975-02-04,M,USA,Ohio,5,51,C0638,4,1347045.42,336761.355,True,False,True,False,True,35,9,3
C0639,Mark,Campbell,1961-03-03,M,UK,Scotland,3,65,C0639,3,861670.72,287223.5733333333,True,False,True,False,True,43,8,3
C0640,Emily,Thompson,1967-03-01,F,USA,Utah,3,59,C0640,3,772950.1699999999,257650.05666666664,True,False,False,False,False,48,9,3
C0641,Zynex,Co,1994-02-26,M,USA,Arizona,2,32,C0641,3,1217213.26,405737.75333333336,False,False,False,False,False,1,9,2
C0642,Julia,Reyes,1967-11-21,F,USA,California,4,59,C0642,3,1027140.61,342380.2033333333,True,False,False,False,True,8,9,0
C0643,Samantha,Richardson,1974-05-05,F,USA,California,5,52,C0643,3,928645.01,309548.33666666667,True,False,False,False,True,8,9,0
C0644,Teresa,Johnson,1956-08-25,F,USA,California,4,70,C0644,3,1549624.23,516541.41,True,False,True,False,False,8,9,2
C0645,Arthur,Cox,1988-07-18,M,USA,Nevada,2,38,C0645,3,731453.53,243817.84333333335,True,False,False,True,False,25,9,0
C0646,Cynthia,Campbell,1995-07-21,F,USA,Arizona,5,31,C0646,3,1325311.83,441770.61000000004,True,True,False,False,False,1,9,2
C0647,Victoria,Green,1946-02-06,F,USA,California,4,80,C0647,4,2115520.42,528880.105,True,False,False,False,False,8,9,2
C0648,Stephanie,Reed,1999-03-02,F,USA,California,1,27,C0648,4,1142985.38,285746.345,True,False,True,False,True,8,9,0
C0649,Patricia,Mitchell,1995-03-01,F,USA,California,4,31,C0649,4,1401448.51,350362.1275,True,False,False,False,False,8,9,2
C0650,Polaris,Co,1976-02-19,M,France,Occitanie,3,50,C0650,3,799742.26,266580.75333333336,False,False,True,True,False,34,4,1
C0651,Horizon,Co,1993-01-14,M,USA,Washington,1,33,C0651,4,1077094.73,269273.6825,False,False,False,False,False,53,9,3
C0652,Heather,Johnson,1993-12-08,F,USA,Washington,2,33,C0652,3,904157.22,301385.74,True,False,False,False,True,53,9,3
C0653,Gerald,Adams,1970-07-22,M,USA,Ohio,2,56,C0653,4,1215543.15,303885.7875,True,False,False,True,False,35,9,3
C0654,Eric,Griffin,1960-05-07,M,USA,New York,2,66,C0654,3,865293.89,288431.2966666667,True,False,True,False,True,27,9,0
C0655,Patricia,King,1950-05-19,F,USA,Nevada,1,76,C0655,3,1071763.22,357254.4066666667,True,False,True,False,False,25,9,0
C0656,Amber,Allen,1977-02-08,F,USA,Colorado,5,49,C0656,4,1288383.38,322095.845,True,False,False,True,False,11,9,0
C0657,Alexander,Allen,1956-09-26,M,USA,California,2,70,C0657,3,1258111.3199999998,419370.43999999994,True,False,False,False,False,8,9,2
C0658,Kelly,Green,1999-12-13,F,USA,Virginia,3,27,C0658,3,1122021.28,374007.0933333333,True,False,True,False,False,50,9,3
C0659,Sara,Foster,1988-10-06,F,USA,California,4,38,C0659,4,1000550.86,250137.715,True,False,True,False,False,8,9,0
C0660,Charles,Kim,1991-08-10,M,USA,Arizona,4,35,C0660,3,1148308.35,382769.45,True,False,True,True,False,1,9,2
C0661,Deborah,Williams,1961-06-25,F,Canada,Manitoba,3,65,C0661,4,1627713.0499999998,406928.26249999995,True,False,False,False,True,22,2,1
C0662,Stephanie,Kim,1957-08-25,F,USA,California,3,69,C0662,4,1520239.97,380059.9925,True,True,False,False,True,8,9,2
C0663,Anthony,Flores,1958-02-02,M,USA,California,2,68,C0663,4,1544313.34,386078.335,True,False,True,False,False,8,9,2
C0664,Lawrence,Wood,1958-08-17,M,Canada,Alberta,5,68,C0664,4,1063024.57,265756.1425,True,True,True,False,True,0,2,1
C0665,Robert,Adams,1959-08-27,M,USA,Colorado,1,67,C0665,3,704886.02,234962.00666666668,True,True,False,False,False,11,9,0
C0666,Maria,Davis,1948-10-09,F,USA,California,1,78,C0666,4,1532074.27,383018.5675,True,True,False,False,True,8,9,2
C0667,Anthony,Mitchell,1966-07-07,M,USA,Arizona,2,60,C0667,4,1486560.06,371640.015,True,True,False,False,False,1,9,2
C0668,Margaret,Peterson,1978-11-15,F,France,Ile-de-France,4,48,C0668,4,987175.01,246793.7525,True,True,True,False,True,18,4,1
C0669,Cheryl,Bell,1958-03-18,F,Canada,British Columbia,3,68,C0669,3,1366533.49,455511.16333333333,True,False,False,False,False,5,2,1
C0670,Altira,Co,1976-06-18,M,USA,Nevada,4,50,C0670,3,1631973.5499999998,543991.1833333332,False,True,False,False,True,25,9,2
C0671,Jerry,Pierce,1941-12-09,M,USA,Colorado,4,85,C0671,3,759678.12,253226.04,True,False,True,True,False,11,9,0
C0672,Amber,Williams,1967-03-10,F,USA,California,2,59,C0672,3,1301968.05,433989.35000000003,True,False,False,False,True,8,9,2
C0673,Janice,Hayes,1965-10-19,F,USA,California,4,61,C0673,3,870503.9000000001,290167.96666666673,True,False,False,False,True,8,9,0
C0674,Judy,Turner,1986-05-26,F,USA,California,4,40,C0674,4,1733438.52,433359.63,True,True,False,False,True,8,9,2
C0675,Andrea,Wright,1969-12-23,F,USA,Texas,5,57,C0675,3,1117159.17,372386.38999999996,True,False,False,False,True,47,9,3
C0676,Lisa,Davis,1942-06-12,F,USA,Nevada,2,84,C0676,3,1022396.03,340798.6766666667,True,False,False,False,False,25,9,0
C0677,Jerry,Miller,1981-09-02,M,USA,Arizona,2,45,C0677,4,1217015.1099999999,304253.77749999997,True,True,False,False,False,1,9,0
C0678,Joseph,Watson,1972-10-19,M,USA,California,4,54,C0678,3,904050.87,301350.29,True,False,True,False,True,8,9,0
C0679,Lisa,Patterson,1964-12-02,F,USA,Nevada,1,62,C0679,4,1945371.6800000002,486342.92000000004,True,False,False,False,False,25,9,2
C0680,Andrew,Griffin,1965-04-16,M,USA,Utah,2,61,C0680,4,1533727.71,383431.9275,True,True,False,False,False,48,9,3
C0681,Helios,Co,1977-04-25,F,USA,California,3,49,C0681,4,736696.97,184174.2425,False,False,False,False,False,8,9,0
C0682,Donald,Bennett,1973-06-12,M,USA,California,5,53,C0682,4,1436006.22,359001.555,True,False,False,False,True,8,9,2
C0683,Patrick,Jordan,1948-08-20,M,USA,Colorado,2,78,C0683,3,1216565.53,405521.8433333333,True,False,True,False,False,11,9,2
C0684,Donald,Miller,1985-10-05,M,USA,California,1,41,C0684,4,1402625.45,350656.3625,True,False,False,False,False,8,9,0
C0685,Sharon,Hansen,1987-04-18,F,USA,Washington,5,39,C0685,3,1129835.06,376611.6866666667,True,False,False,False,False,53,9,3
C0686,Michael,Howard,1963-11-17,M,USA,California,1,63,C0686,3,1250166.33,416722.11000000004,True,False,True,False,True,8,9,2
C0687,Susan,Long,1959-01-03,F,USA,Utah,3,67,C0687,4,1532604.0,383151.0,True,False,True,False,True,48,9,3
C0688,Kathleen,Howard,1968-12-04,F,USA,Colorado,5,58,C0688,4,1093762.42,273440.605,True,True,True,False,True,11,9,0
C0689,Ann,Williams,1998-04-17,F,USA,California,4,28,C0689,3,1051259.37,350419.79000000004,True,False,False,False,True,8,9,0
C0690,Janet,Stewart,1985-09-09,F,USA,Oregon,4,41,C0690,4,1402023.24,350505.81,True,False,True,False,False,37,9,3
C0691,Kenneth,Bell,1943-07-22,M,USA,California,4,83,C0691,4,948552.89,237138.2225,True,True,False,False,False,8,9,0
C0692,Adam,Roberts,1964-03-14,M,USA,Georgia,3,62,C0692,4,1206585.87,301646.4675,True,True,False,False,False,15,9,0
C0693,Jesse,Chavez,1957-04-28,M,USA,California,5,69,C0693,4,1831502.92,457875.73,True,True,True,False,False,8,9,2
C0694,Sterling,Co,1989-07-13,M,UK,Scotland,2,37,C0694,4,1287767.07,321941.7675,False,True,False,False,True,43,8,3
C0695,Timothy,Rogers,1947-03-24,M,USA,Washington,4,79,C0695,3,870451.65,290150.55,True,False,False,False,True,53,9,3
C0696,Carol,Green,1994-03-06,F,USA,Washington,5,32,C0696,4,1417025.49,354256.3725,True,True,True,False,False,53,9,3
C0697,Bryan,Mitchell,1986-11-01,M,USA,California,4,40,C0697,4,1203571.2,300892.8,True,True,True,False,False,8,9,0
C0698,Maria,Scott,1946-07-16,F,USA,California,2,80,C0698,4,1560635.51,390158.8775,True,False,True,False,True,8,9,2
C0699,Stephen,Bennett,1986-12-22,M,USA,Washington,1,40,C0699,3,1292445.15,430815.05,True,False,True,False,False,53,9,3
C0700,Christine,Sanders,1944-04-14,F,USA,Washington,5,82,C0700,3,724453.7,241484.56666666665,True,False,False,False,True,53,9,3
C0701,Danielle,Peterson,1962-09-17,F,UK,England,1,64,C0701,4,1318537.76,329634.44,True,True,False,False,True,12,8,0
C0702,Nicholas,Flores,1966-07-24,M,USA,Arizona,5,60,C0702,3,1215022.0,405007.3333333333,True,False,False,False,False,1,9,2
C0703,Elara,Co,1984-05-15,M,USA,Colorado,3,42,C0703,3,938073.5700000001,312691.19,False,False,False,False,True,11,9,0
C0704,Nicole,Jordan,1942-01-23,F,USA,Georgia,4,84,C0704,3,1130778.86,376926.2866666667,True,False,False,False,False,15,9,0
C0705,Timothy,Murray,1940-12-18,M,USA,Nevada,3,86,C0705,3,1643383.67,547794.5566666666,True,False,False,False,True,25,9,2
C0706,Kyle,Thomas,1984-06-23,M,UK,England,2,42,C0706,3,1034954.84,344984.94666666666,True,True,False,True,False,12,8,0
C0707,Zachary,Richardson,1995-09-23,M,USA,Virginia,5,31,C0707,4,1171255.22,292813.805,True,False,True,False,True,50,9,3
C0708,Brian,Cook,1964-11-28,M,USA,California,2,62,C0708,3,1539340.8699999999,513113.6233333333,True,False,False,True,False,8,9,2
C0709,Samantha,Price,1982-11-06,F,USA,Georgia,2,44,C0709,4,1233960.52,308490.13,True,False,True,False,False,15,9,0
C0710,Kyle,Bryant,1946-08-18,M,USA,Oregon,2,80,C0710,4,1158001.3599999999,289500.33999999997,True,False,True,False,False,37,9,3
C0711,Victoria,Hughes,1995-10-20,F,USA,California,3,31,C0711,4,1045658.54,261414.635,True,True,False,False,False,8,9,0
C0712,Joseph,Scott,1991-01-21,M,USA,California,1,35,C0712,3,701688.31,233896.10333333336,True,False,False,False,False,8,9,0
C0713,Debra,Thomas,1997-02-14,F,USA,California,3,29,C0713,3,946537.74,315512.58,True,True,False,False,False,8,9,0
C0714,Kyle,Murray,1977-01-03,M,Russia,Saint Petersburg,3,49,C0714,3,1520218.18,506739.3933333333,True,False,False,False,True,42,7,2
C0715,Janice,Wilson,1982-08-05,F,USA,Utah,3,44,C0715,3,1151372.75,383790.9166666667,True,False,False,False,True,48,9,3
C0716,Jordan,Davis,1994-10-24,M,UK,Northern Ireland,1,32,C0716,3,1173245.74,391081.91333333333,True,False,False,True,False,31,8,3
C0717,Virginia,Weaver,1946-06-09,F,USA,Arizona,3,80,C0717,3,1000529.6699999999,333509.88999999996,True,True,True,False,False,1,9,0
C0718,Martha,Scott,1944-10-08,F,France,Ile-de-France,2,82,C0718,3,900157.9099999999,300052.63666666666,True,False,True,False,True,18,4,1
C0719,Jason,Jordan,1974-07-02,M,USA,California,2,52,C0719,3,912916.77,304305.59,True,True,True,False,False,8,9,0
C0720,Shirley,Wilson,1981-05-17,F,USA,California,1,45,C0720,4,844316.69,211079.1725,True,True,True,False,False,8,9,0
C0721,Julia,Jordan,1999-03-07,F,USA,Florida,4,27,C0721,4,1167212.02,291803.005,True,False,False,False,True,14,9,0
C0722,Carol,Sanders,1943-09-11,F,USA,Texas,1,83,C0722,3,936104.05,312034.68333333335,True,False,False,False,True,47,9,3
C0723,Ann,Hansen,1999-04-19,F,Germany,North Rhine-Westphalia,3,27,C0723,3,1554043.79,518014.5966666667,True,False,True,False,True,30,5,2
C0724,Samuel,Howard,1960-09-27,M,USA,Arizona,4,66,C0724,4,1564795.28,391198.82,True,True,True,False,False,1,9,2
C0725,Katherine,Jones,1983-07-03,F,USA,New York,3,43,C0725,3,1557779.53,519259.8433333333,True,False,False,False,True,27,9,2
C0726,Melissa,Harris,1977-01-25,F,USA,Georgia,4,49,C0726,4,1055406.17,263851.5425,True,False,False,False,True,15,9,0
C0727,Ronald,Bell,1941-08-24,M,USA,California,3,85,C0727,4,1924218.25,481054.5625,True,True,True,True,False,8,9,2
C0728,Jason,Jones,1971-07-23,M,USA,California,3,55,C0728,3,896046.43,298682.14333333337,True,False,True,False,False,8,9,0
C0729,Raymond,Long,1944-01-04,M,USA,Washington,3,82,C0729,3,1100578.42,366859.4733333333,True,True,True,False,False,53,9,3
C0730,Gregory,Baker,1988-05-09,M,USA,California,4,38,C0730,3,1395460.54,465153.51333333337,True,True,False,False,True,8,9,2
C0731,Larry,Harris,2000-10-18,M,USA,California,5,26,C0731,4,2163873.35,540968.3375,True,False,False,False,False,8,9,2
C0732,Justin,Peterson,1985-03-03,M,USA,Oregon,5,41,C0732,4,1763602.47,440900.6175,True,False,False,False,True,37,9,2
C0733,Susan,White,1976-01-03,F,USA,Nevada,5,50,C0733,3,1610480.1,536826.7000000001,True,False,False,False,False,25,9,2
C0734,Danielle,Ward,1981-06-27,F,USA,Virginia,5,45,C0734,3,894573.22,298191.0733333333,True,True,True,True,False,50,9,3
C0735,Matthew,Long,1994-08-10,M,Germany,Hesse,4,32,C0735,3,1082670.51,360890.17,True,True,False,False,True,17,5,1
C0736,Jordan,Campbell,1942-06-13,M,USA,Utah,3,84,C0736,3,961660.45,320553.48333333334,True,True,False,False,False,48,9,3
C0737,Harold,Harris,1978-08-15,M,USA,California,3,48,C0737,3,1271295.42,423765.13999999996,True,True,False,False,False,8,9,2
C0738,Jose,White,1980-09-21,M,USA,Texas,5,46,C0738,4,1217179.49,304294.8725,True,False,False,False,True,47,9,3
C0739,Albert,Turner,1965-03-16,M,USA,California,2,61,C0739,4,1239915.48,309978.87,True,False,False,False,False,8,9,0
C0740,Julia,Bell,1966-12-08,F,USA,Utah,1,60,C0740,3,1150084.72,383361.5733333333,True,True,False,True,False,48,9,3
C0741,Sandra,Stone,1962-08-11,F,USA,California,2,64,C0741,3,808100.3,269366.76666666666,True,False,False,False,True,8,9,0
C0742,Bryan,Howard,1980-08-21,M,UK,Wales,1,46,C0742,3,943082.4199999999,314360.80666666664,True,False,True,False,True,51,8,3
C0743,Joshua,Allen,1972-09-10,M,USA,Oregon,4,54,C0743,3,973707.31,324569.10333333333,True,True,True,False,True,37,9,3
C0744,Helen,Morales,1950-11-10,F,USA,Virginia,1,76,C0744,3,947393.7,315797.89999999997,True,False,False,False,True,50,9,3
C0745,Emily,Collins,1997-06-18,F,USA,California,5,29,C0745,4,1137226.12,284306.53,True,True,False,False,True,8,9,0
C0746,Gary,Reyes,1956-10-13,M,UK,Scotland,4,70,C0746,4,1485041.45,371260.3625,True,False,False,False,True,43,8,3
C0747,George,Patterson,1992-04-18,M,USA,Florida,4,34,C0747,3,1321142.35,440380.7833333334,True,False,True,False,True,14,9,2
C0748,Vantage,Co,1974-03-05,F,USA,California,1,52,C0748,3,1188736.23,396245.41,False,False,True,True,False,8,9,0
C0749,Dorothy,Anderson,1992-11-26,F,USA,New York,5,34,C0749,3,1170883.93,390294.6433333333,True,False,False,False,False,27,9,2
C0750,Janice,Price,1976-06-08,F,USA,Nevada,1,50,C0750,3,887696.78,295898.9266666667,True,True,False,False,False,25,9,0
C0751,Keith,Parker,1974-09-19,M,USA,California,5,52,C0751,4,1055948.97,263987.2425,True,False,False,True,False,8,9,0
C0752,Lisa,Young,1954-12-17,F,Belgium,Brussels,3,72,C0752,4,836214.24,209053.56,True,True,False,False,False,7,1,1
C0753,Nicholas,Patterson,1960-12-22,M,Germany,Hamburg,5,66,C0753,4,1053102.32,263275.58,True,False,False,False,True,16,5,1
C0754,Teresa,Johnson,1970-08-17,F,USA,Arizona,3,56,C0754,4,1300009.56,325002.39,True,True,False,False,True,1,9,0
C0755,Celera,Co,1967-12-23,F,USA,California,5,59,C0755,3,1040997.25,346999.0833333333,False,False,False,False,True,8,9,0
C0756,Jessica,Patterson,1963-03-19,F,USA,Utah,5,63,C0756,3,785768.09,261922.69666666666,True,False,True,False,True,48,9,3
C0757,Keith,Taylor,1946-05-09,M,USA,Oregon,3,80,C0757,4,1392690.1199999999,348172.52999999997,True,False,True,False,True,37,9,3
C0758,Joe,Allen,1958-08-12,M,USA,California,2,68,C0758,4,1135189.16,283797.29,True,True,False,False,True,8,9,0
C0759,Samuel,Anderson,1991-10-27,M,USA,Florida,4,35,C0759,3,1327801.32,442600.44,True,False,False,False,True,14,9,2
C0760,Amanda,Adams,1964-12-27,F,USA,California,3,62,C0760,4,1288008.21,322002.0525,True,True,False,False,True,8,9,0
C0761,Joyce,Patterson,1981-08-24,F,Belgium,Flanders,2,45,C0761,4,1387948.07,346987.0175,True,False,False,False,False,13,1,1
C0762,Anna,Young,1967-07-01,F,USA,Ohio,4,59,C0762,4,1456185.33,364046.3325,True,False,False,False,True,35,9,3
C0763,Summit,Co,1971-07-18,F,USA,Georgia,3,55,C0763,3,1036781.97,345593.99,False,False,False,False,False,15,9,0
C0764,Debra,Parker,1983-02-09,F,UK,Northern Ireland,4,43,C0764,4,1670624.74,417656.185,True,True,False,True,False,31,8,2
C0765,Joe,Green,1967-06-22,M,France,Brittany,3,59,C0765,4,1516418.29,379104.5725,True,False,False,False,True,6,4,1
C0766,Robert,Bennett,1994-09-04,M,Germany,North Rhine-Westphalia,3,32,C0766,4,1601876.1400000001,400469.03500000003,True,False,True,True,False,30,5,2
C0767,David,Brown,1961-02-02,M,Canada,British Columbia,2,65,C0767,4,1403932.48,350983.12,True,True,False,False,False,5,2,1
C0768,Matthew,Weaver,1992-07-22,M,Denmark,Southern Denmark,5,34,C0768,3,1048127.47,349375.8233333333,True,True,True,False,True,45,3,1
C0769,Nicole,Long,1958-02-21,F,USA,Ohio,4,68,C0769,3,675607.7899999999,225202.59666666665,True,False,False,False,False,35,9,3
C0770,Shirley,Hall,1951-02-09,F,Russia,Krasnodar Krai,4,75,C0770,3,984598.73,328199.57666666666,True,False,False,False,True,21,7,0
C0771,Quasar,Co,1984-06-09,M,USA,California,1,42,C0771,4,1856997.08,464249.27,False,False,False,False,True,8,9,2
C0772,Ethan,White,1991-09-25,M,USA,California,1,35,C0772,3,911164.52,303721.50666666665,True,True,False,True,False,8,9,0
C0773,Christopher,Taylor,1964-12-09,M,Russia,Saint Petersburg,1,62,C0773,4,1451465.46,362866.365,True,False,False,False,True,42,7,3
C0774,David,Wood,1983-03-23,M,USA,Georgia,5,43,C0774,3,999792.6799999999,333264.2266666666,True,False,True,False,False,15,9,0
C0775,Andrea,Reyes,1975-12-25,F,USA,Arizona,1,51,C0775,4,1043608.37,260902.0925,True,False,False,False,False,1,9,0
C0776,Ashley,Morales,1966-06-11,F,Germany,Bavaria,4,60,C0776,3,914465.3300000001,304821.7766666667,True,False,True,False,False,3,5,0
C0777,Meridian,Co,1982-05-15,M,USA,Arizona,1,44,C0777,3,1130759.4100000001,376919.8033333334,False,False,False,True,False,1,9,0
C0778,George,Pierce,1998-07-22,M,USA,California,4,28,C0778,4,1646921.92,411730.48,True,True,True,False,False,8,9,2
C0779,Lisa,Hughes,1953-04-05,F,USA,California,5,73,C0779,3,1221957.12,407319.04000000004,True,False,True,False,False,8,9,2
C0780,Martha,Hansen,1947-08-01,F,USA,California,3,79,C0780,3,708761.6900000001,236253.8966666667,True,False,False,False,True,8,9,0
C0781,Gerald,Sanders,1940-11-28,M,USA,California,5,86,C0781,4,1181206.69,295301.6725,True,True,True,False,True,8,9,0
C0782,Ethan,Williams,1970-10-02,M,USA,Utah,2,56,C0782,4,1166638.1600000001,291659.54000000004,True,True,True,False,True,48,9,3
C0783,Betty,Sanders,1961-03-27,F,Canada,Alberta,1,65,C0783,3,1031472.36,343824.12,True,False,True,False,False,0,2,1
C0784,Charles,Baker,1973-06-26,M,Mexico,Baja California,4,53,C0784,3,1172514.65,390838.2166666666,True,True,False,False,True,2,6,2
C0785,Rexon,Co,1971-03-27,F,USA,California,2,55,C0785,4,1047112.48,261778.12,False,False,False,False,True,8,9,0
C0786,Sarah,Martin,1983-03-25,F,USA,California,3,43,C0786,3,663797.37,221265.79,True,True,False,False,True,8,9,0
C0787,Andrew,Jackson,1950-11-20,M,USA,Washington,1,76,C0787,3,1405947.6600000001,468649.22000000003,True,False,False,False,True,53,9,3
C0788,Matthew,Stone,1944-05-14,M,France,Brittany,4,82,C0788,4,1799447.01,449861.7525,True,True,False,False,True,6,4,2
C0789,Madison,Price,1974-04-06,F,Canada,Ontario,1,52,C0789,3,1125271.6,375090.5333333334,True,True,False,False,True,36,2,1
C0790,Brandon,Cooper,1974-01-18,M,USA,California,5,52,C0790,4,1521440.8599999999,380360.21499999997,True,False,True,False,False,8,9,2
C0791,Walter,Adams,1983-01-07,M,USA,Texas,4,43,C0791,4,1424465.81,356116.4525,True,False,False,False,True,47,9,3
C0792,Joseph,Richardson,1982-04-14,M,USA,California,4,44,C0792,4,1559979.82,389994.955,True,True,True,False,True,8,9,2
C0793,Kevin,Brown,1969-09-04,M,USA,New York,4,57,C0793,4,1245234.35,311308.5875,True,False,False,False,False,27,9,3
C0794,Gregory,Mitchell,1951-02-11,M,USA,California,4,75,C0794,3,1120488.77,373496.25666666665,True,False,True,False,True,8,9,0
C0795,Harold,Murray,1969-01-14,M,USA,California,4,57,C0795,3,1170869.0899999999,390289.6966666666,True,True,True,False,True,8,9,2
C0796,Stephanie,Ward,1983-04-11,F,USA,California,5,43,C0796,3,559596.54,186532.18000000002,True,True,True,False,True,8,9,0
C0797,Joan,Gray,1990-06-08,F,USA,Oregon,5,36,C0797,3,881179.3,293726.43333333335,True,False,True,False,False,37,9,3
C0798,Novex,Co,1965-10-21,M,USA,Nevada,4,61,C0798,4,987267.48,246816.87,False,False,True,False,False,25,9,0
C0799,Pamela,Johnson,1954-07-24,F,USA,California,4,72,C0799,4,1108935.8599999999,277233.96499999997,True,False,False,False,True,8,9,0
C0800,Lawrence,Smith,1974-01-02,M,USA,Virginia,5,52,C0800,3,983573.1799999999,327857.7266666666,True,True,True,False,True,50,9,3
C0801,Betty,Price,1969-04-03,F,USA,Washington,4,57,C0801,3,1361712.2999999998,453904.0999999999,True,False,True,False,True,53,9,3
C0802,Matthew,Williams,1970-11-10,M,USA,Virginia,5,56,C0802,3,1074480.81,358160.27,True,False,False,False,False,50,9,3
C0803,Evelyn,Moore,1945-12-13,F,USA,Texas,4,81,C0803,4,1542819.53,385704.8825,True,False,False,False,False,47,9,3
C0804,Tyler,Cook,1967-01-10,M,USA,Washington,5,59,C0804,3,1223755.92,407918.63999999996,True,False,False,False,False,53,9,3
C0805,Albert,Cook,1953-01-17,M,Germany,Berlin,1,73,C0805,3,940964.73,313654.91,True,False,True,False,True,4,5,0
C0806,Jack,Richardson,1989-11-18,M,France,Ile-de-France,5,37,C0806,4,1485168.27,371292.0675,True,False,False,True,False,18,4,1
C0807,Amy,Chavez,1993-11-16,F,Mexico,Mexico City,5,33,C0807,4,1635419.92,408854.98,True,True,False,False,True,23,6,2
C0808,Gregory,Ward,1943-05-17,M,Germany,Berlin,3,83,C0808,3,885158.15,295052.7166666667,True,False,True,False,True,4,5,0
C0809,Hannah,Alexander,1967-02-16,F,France,Occitanie,5,59,C0809,3,1386118.19,462039.39666666667,True,False,True,False,False,34,4,1
C0810,Ronald,Sanders,1995-02-13,M,USA,California,1,31,C0810,3,922597.5800000001,307532.5266666667,True,False,True,False,True,8,9,0
C0811,Carl,Allen,1945-04-17,M,UK,Wales,3,81,C0811,3,1515201.05,505067.01666666666,True,False,False,False,False,51,8,2
C0812,Harold,Cooper,1974-08-24,M,UK,Northern Ireland,3,52,C0812,4,1443224.01,360806.0025,True,False,True,False,True,31,8,2
C0813,Gerald,Cook,1974-10-11,M,UK,Scotland,3,52,C0813,4,1314024.52,328506.13,True,True,False,False,False,43,8,3
C0814,Joan,Stewart,1964-03-26,F,USA,California,2,62,C0814,3,674363.74,224787.91333333333,True,False,False,False,True,8,9,0
C0815,Horizon,Co,1965-11-06,F,USA,Nevada,4,61,C0815,3,962374.6499999999,320791.55,False,False,True,False,False,25,9,0
C0816,Deborah,Wright,1947-12-23,F,Germany,Hamburg,2,79,C0816,3,1003090.8500000001,334363.6166666667,True,False,True,False,True,16,5,1
C0817,Grace,Thompson,1972-05-12,F,USA,California,1,54,C0817,3,1338281.0,446093.6666666667,True,True,False,False,True,8,9,2
C0818,Sterling,Co,1991-09-08,F,USA,Colorado,2,35,C0818,4,760443.3500000001,190110.83750000002,False,False,False,False,True,11,9,0
C0819,Jose,Bryant,1951-03-15,M,USA,California,5,75,C0819,3,1239378.27,413126.09,True,False,False,False,True,8,9,2
C0820,Judith,Collins,1940-10-22,F,USA,Texas,4,86,C0820,3,920197.78,306732.5933333333,True,True,False,False,False,47,9,3
C0821,Elizabeth,Moore,1957-09-04,F,USA,California,5,69,C0821,3,1371213.26,457071.08666666667,True,False,True,False,False,8,9,2
C0822,Jessica,Weaver,1959-04-19,F,USA,California,3,67,C0822,3,1407630.29,469210.0966666667,True,True,True,False,True,8,9,2
C0823,Nancy,Hayes,1975-04-16,F,USA,Oregon,5,51,C0823,4,1722388.8900000001,430597.22250000003,True,True,True,False,False,37,9,2
C0824,Douglas,Cox,1976-06-01,M,USA,California,3,50,C0824,3,1234378.85,411459.6166666667,True,False,False,False,False,8,9,2
C0825,Ruth,Hughes,1982-03-26,F,Mexico,Nuevo Leon,4,44,C0825,4,1246198.0,311549.5,True,False,True,False,False,33,6,3
C0826,Jason,Stewart,1970-09-11,M,USA,Ohio,4,56,C0826,4,1255265.82,313816.455,True,True,True,False,True,35,9,3
C0827,Ruth,Wright,1965-08-23,F,USA,Washington,2,61,C0827,4,1176467.77,294116.9425,True,False,True,False,True,53,9,3
C0828,Elizabeth,Stewart,1947-10-10,F,USA,Arizona,4,79,C0828,4,1313574.2,328393.55,True,True,True,False,True,1,9,0
C0829,Jonathan,Stewart,1960-11-16,M,USA,Utah,3,66,C0829,4,1296844.19,324211.0475,True,True,False,False,True,48,9,3
C0830,William,Martin,1952-05-16,M,USA,Oregon,3,74,C0830,4,1518798.69,379699.6725,True,True,False,False,False,37,9,3
C0831,Judith,Martin,1977-09-24,F,USA,California,2,49,C0831,3,909532.47,303177.49,True,False,False,False,True,8,9,0
C0832,Dorothy,Ward,1990-01-09,F,USA,Nevada,3,36,C0832,3,1290741.99,430247.33,True,True,True,False,True,25,9,2
C0833,Roger,Green,1951-11-06,M,Denmark,Southern Denmark,5,75,C0833,3,1422486.6099999999,474162.2033333333,True,False,False,False,True,45,3,1
C0834,Helen,Parker,1957-12-23,F,USA,California,5,69,C0834,4,1384660.54,346165.135,True,False,False,False,True,8,9,2
C0835,Maria,Foster,1974-06-06,F,USA,California,5,52,C0835,4,1159317.69,289829.4225,True,False,True,False,True,8,9,0
C0836,Adam,Sanders,1942-02-04,M,USA,Ohio,4,84,C0836,3,1280715.29,426905.0966666667,True,False,False,False,True,35,9,2
C0837,Peter,Montgomery,1967-06-06,M,France,Brittany,1,59,C0837,4,1415445.71,353861.4275,True,False,False,False,True,6,4,1
C0838,Jacob,Morris,1992-04-05,M,USA,Nevada,1,34,C0838,3,837604.3,279201.43333333335,True,True,True,False,True,25,9,0
C0839,Elizabeth,Baker,1994-01-26,F,UK,England,5,32,C0839,3,1123967.69,374655.89666666667,True,False,True,False,False,12,8,2
C0840,Elizabeth,Wilson,1981-11-01,F,Belgium,Brussels,1,45,C0840,4,1508352.25,377088.0625,True,False,False,False,True,7,1,1
C0841,Timothy,Cooper,1999-02-05,M,Belgium,Wallonia,5,27,C0841,4,1344816.1,336204.025,True,False,False,False,True,52,1,1
C0842,Keith,Morales,1996-02-27,M,USA,Washington,5,30,C0842,4,1082477.8199999998,270619.45499999996,True,False,True,True,False,53,9,3
C0843,Amanda,Hansen,2000-12-04,F,USA,Georgia,4,26,C0843,3,1377127.37,459042.4566666667,True,False,False,False,False,15,9,2
C0844,Margaret,Scott,1947-06-13,F,USA,California,2,79,C0844,4,1363201.96,340800.49,True,False,False,False,True,8,9,0
C0845,Ashley,Long,1993-09-05,F,USA,Washington,3,33,C0845,3,1355270.16,451756.72,True,False,False,True,False,53,9,3
C0846,Martha,Harris,1976-05-15,F,Canada,Quebec,3,50,C0846,3,1069033.77,356344.59,True,True,False,False,False,40,2,1
C0847,Nicole,James,1988-02-27,F,USA,Utah,2,38,C0847,4,1258765.46,314691.365,True,False,True,False,False,48,9,3
C0848,Aaron,Hughes,1967-11-22,M,USA,California,4,59,C0848,4,1366788.33,341697.0825,True,False,False,False,False,8,9,2
C0849,Brian,Wilson,1977-04-11,M,USA,Oregon,1,49,C0849,4,1262931.66,315732.915,True,False,True,False,True,37,9,3
C0850,Judy,Stone,1983-11-13,F,USA,Colorado,5,43,C0850,3,528432.48,176144.16,True,True,False,False,False,11,9,0
C0851,Kyle,White,1993-05-16,M,USA,California,2,33,C0851,4,1482957.8800000001,370739.47000000003,True,True,True,False,True,8,9,2
C0852,Carl,Brown,1989-07-20,M,Germany,North Rhine-Westphalia,2,37,C0852,4,1368458.37,342114.5925,True,False,False,False,False,30,5,1
C0853,Gerald,Bryant,1950-08-07,M,USA,Utah,4,76,C0853,4,1293562.22,323390.555,True,False,False,False,True,48,9,3
C0854,David,Reyes,1944-02-13,M,USA,California,4,82,C0854,3,1419031.6099999999,473010.5366666666,True,False,False,False,True,8,9,2
C0855,Amanda,Foster,1973-03-10,F,Australia,Queensland,4,53,C0855,4,1198702.15,299675.5375,True,False,False,False,True,41,0,1
C0856,Janice,Chavez,1964-08-16,F,USA,Florida,5,62,C0856,4,1565508.99,391377.2475,True,False,True,False,True,14,9,2
C0857,Danielle,Ward,1951-05-11,F,USA,California,1,75,C0857,4,1431064.56,357766.14,True,True,True,False,True,8,9,0
C0858,Samuel,Howard,1994-07-12,M,USA,Nevada,1,32,C0858,3,972150.6,324050.2,True,False,False,False,True,25,9,0
C0859,Megan,Anderson,1942-12-03,F,USA,California,2,84,C0859,4,1440623.8900000001,360155.97250000003,True,False,True,False,False,8,9,2
C0860,Virginia,Morales,1968-07-09,F,USA,Utah,5,58,C0860,4,1362579.84,340644.96,True,False,True,False,True,48,9,3
C0861,Christine,Peterson,1994-08-04,F,France,Brittany,2,32,C0861,3,1527460.57,509153.5233333334,True,True,False,False,False,6,4,2
C0862,Amanda,Jordan,1981-06-14,F,USA,Colorado,1,45,C0862,3,1354421.9100000001,451473.97000000003,True,True,False,False,True,11,9,2
C0863,Brandon,Peterson,1975-04-20,M,Belgium,Wallonia,5,51,C0863,4,1107744.96,276936.24,True,False,True,False,False,52,1,1
C0864,Noah,Kim,1970-07-07,M,USA,Texas,3,56,C0864,3,1085548.02,361849.34,True,False,False,False,True,47,9,3
C0865,Rebecca,Gray,1975-05-20,F,USA,Colorado,5,51,C0865,4,1268059.13,317014.7825,True,True,True,False,True,11,9,0
C0866,Lawrence,Bryant,1987-11-27,M,Belgium,Brussels,3,39,C0866,4,1331713.08,332928.27,True,False,False,False,False,7,1,1
C0867,Julia,Davis,1967-04-12,F,USA,California,2,59,C0867,3,1028747.3,342915.76666666666,True,False,False,False,False,8,9,0
C0868,Victoria,Rogers,1945-02-21,F,USA,Florida,3,81,C0868,3,987211.1699999999,329070.38999999996,True,False,True,False,False,14,9,0
C0869,Jose,Roberts,1993-03-07,M,USA,California,4,33,C0869,3,858807.13,286269.04333333333,True,False,False,False,False,8,9,0
C0870,Harmon,Co,1966-09-01,F,UK,Northern Ireland,2,60,C0870,4,1097902.26,274475.565,False,False,True,False,True,31,8,0
C0871,Pamela,Pierce,1989-11-28,F,USA,Virginia,1,37,C0871,4,1939848.53,484962.1325,True,False,True,False,True,50,9,2
C0872,Sarah,Bennett,1943-06-22,F,UK,England,4,83,C0872,4,1462320.39,365580.0975,True,False,False,False,True,12,8,2
C0873,Gerald,Murray,1940-09-09,M,USA,New York,2,86,C0873,3,1325777.78,441925.9266666667,True,False,False,False,True,27,9,2
C0874,Debra,Murray,1953-07-26,F,Belgium,Flanders,2,73,C0874,4,1490289.1099999999,372572.27749999997,True,True,False,False,True,13,1,1
C0875,Jeffrey,Evans,1972-07-09,M,Canada,Manitoba,4,54,C0875,3,1308981.48,436327.16,True,False,False,False,True,22,2,1
C0876,Benjamin,Chavez,1973-08-22,M,USA,California,3,53,C0876,3,873771.52,291257.17333333334,True,False,False,True,False,8,9,0
C0877,Jennifer,Weaver,1998-12-22,F,USA,Utah,2,28,C0877,3,1407650.4,469216.8,True,True,True,False,False,48,9,3
C0878,Ashley,Hansen,1945-04-28,F,USA,Nevada,4,81,C0878,3,970670.1499999999,323556.7166666666,True,False,True,False,True,25,9,0
C0879,Brandon,Adams,1945-03-15,M,UK,Northern Ireland,4,81,C0879,3,1349121.32,449707.1066666667,True,False,True,False,True,31,8,2
C0880,Judith,Bennett,1941-06-23,F,USA,New York,2,85,C0880,4,1390002.6400000001,347500.66000000003,True,False,False,False,True,27,9,0
C0881,Ruth,Weaver,1954-09-24,F,USA,Colorado,1,72,C0881,4,1247321.2,311830.3,True,True,False,False,True,11,9,0
C0882,Peter,Moore,2000-07-07,M,UK,Wales,3,26,C0882,3,1142828.1400000001,380942.7133333334,True,False,False,False,True,51,8,3
C0883,Gerald,Thompson,1946-10-22,M,USA,Texas,4,80,C0883,4,1979258.27,494814.5675,True,False,False,True,False,47,9,2
C0884,Joe,Reed,1949-05-07,M,USA,Nevada,2,77,C0884,3,1021697.5,340565.8333333333,True,False,False,False,True,25,9,0
C0885,Michael,Williams,1941-09-21,M,Canada,British Columbia,2,85,C0885,3,1540844.02,513614.67333333334,True,True,True,False,False,5,2,1
C0886,Joseph,Brooks,1961-07-20,M,USA,California,3,65,C0886,3,807556.47,269185.49,True,False,True,False,False,8,9,0
C0887,Joan,Bryant,1993-04-23,F,USA,California,3,33,C0887,4,1247287.09,311821.7725,True,False,False,False,False,8,9,0
C0888,Sharon,Montgomery,1987-05-24,F,Germany,Berlin,4,39,C0888,4,1104713.19,276178.2975,True,False,True,False,True,4,5,1
C0889,Scott,Campbell,1985-10-15,M,USA,Nevada,4,41,C0889,3,1339350.5899999999,446450.1966666666,True,True,True,False,True,25,9,2
C0890,Julie,Nelson,1955-07-23,F,USA,Virginia,3,71,C0890,4,1138394.29,284598.5725,True,True,True,False,True,50,9,3
C0891,Raymond,Roberts,1970-06-20,M,Germany,North Rhine-Westphalia,1,56,C0891,4,1340373.08,335093.27,True,True,True,False,True,30,5,1
C0892,Helen,Watson,1958-06-05,F,USA,California,2,68,C0892,3,984121.3999999999,328040.4666666666,True,True,True,False,True,8,9,0
C0893,Evelyn,Thompson,1995-06-23,F,USA,Colorado,3,31,C0893,4,1695839.47,423959.8675,True,False,True,False,True,11,9,2
C0894,Carl,Evans,1953-06-14,M,USA,Georgia,5,73,C0894,3,882067.47,294022.49,True,False,False,False,True,15,9,0
C0895,Amanda,Rogers,1953-08-25,F,USA,Arizona,4,73,C0895,3,1127680.6,375893.5333333334,True,True,True,False,True,1,9,0
C0896,Timothy,Jones,1970-05-06,M,France,Brittany,4,56,C0896,4,1157933.44,289483.36,True,False,True,False,False,6,4,1
C0897,Ann,Foster,1971-08-04,F,Australia,Victoria,1,55,C0897,3,745691.65,248563.88333333333,True,False,False,False,True,49,0,1
C0898,Deborah,King,1953-09-27,F,USA,Arizona,5,73,C0898,4,836494.02,209123.505,True,True,True,False,False,1,9,0
C0899,Apex,Co,1988-06-26,F,USA,Washington,2,38,C0899,3,1050407.63,350135.87666666665,False,True,False,False,True,53,9,3
C0900,Betty,Cook,1999-05-22,F,Germany,North Rhine-Westphalia,4,27,C0900,3,606058.22,202019.40666666665,True,False,False,False,False,30,5,1
C0901,Gregory,Allen,1999-02-15,M,France,Brittany,4,27,C0901,3,909138.8400000001,303046.28,True,True,False,False,False,6,4,1
C0902,Peerex,Co,1964-02-11,F,UK,Northern Ireland,3,62,C0902,4,1281064.76,320266.19,False,False,True,False,False,31,8,3
C0903,Christine,Morales,1992-04-28,F,USA,Texas,3,34,C0903,3,1108147.6099999999,369382.5366666666,True,True,False,False,True,47,9,3
C0904,Nancy,Brooks,1984-03-08,F,Russia,Saint Petersburg,1,42,C0904,4,1050355.29,262588.8225,True,False,True,False,True,42,7,3
C0905,Emma,Allen,1993-05-16,F,USA,Virginia,5,33,C0905,3,877477.72,292492.5733333333,True,False,True,False,True,50,9,3
C0906,Jacqueline,Baker,1969-08-13,F,USA,California,5,57,C0906,4,1757967.56,439491.89,True,True,False,False,True,8,9,2
C0907,Danielle,Scott,1973-11-14,F,USA,California,3,53,C0907,3,1375380.46,458460.1533333333,True,False,False,False,False,8,9,2
C0908,Carl,Kim,1960-11-17,M,USA,California,4,66,C0908,4,1129941.35,282485.3375,True,False,True,False,False,8,9,0
C0909,Brandon,Turner,1967-07-10,M,USA,California,1,59,C0909,4,1529455.73,382363.9325,True,True,True,False,False,8,9,2
C0910,Victoria,Jackson,1971-11-24,F,USA,Texas,3,55,C0910,3,1293598.48,431199.49333333335,True,False,True,False,False,47,9,3
C0911,Donald,Long,1989-03-27,M,USA,California,4,37,C0911,4,1310405.32,327601.33,True,False,False,False,True,8,9,0
C0912,Christina,Freeman,1949-05-11,F,USA,California,1,77,C0912,3,1322130.05,440710.01666666666,True,False,False,False,False,8,9,2
C0913,Nathan,Hansen,1999-01-13,M,USA,California,4,27,C0913,4,1935637.92,483909.48,True,False,False,False,False,8,9,2
C0914,Helen,Freeman,1948-10-12,F,France,Provence,4,78,C0914,4,1124290.78,281072.695,True,True,False,False,True,38,4,1
C0915,Ronald,Harris,1948-01-23,M,USA,Florida,2,78,C0915,3,1309768.71,436589.57,True,False,False,False,False,14,9,2
C0916,Nathan,Hansen,1988-02-10,M,Russia,Moscow Oblast,2,38,C0916,4,1377591.46,344397.865,True,False,False,False,True,24,7,2
C0917,Kenneth,Hughes,1969-08-01,M,USA,Arizona,2,57,C0917,3,756785.49,252261.83,True,False,True,False,False,1,9,0
C0918,Susan,Cook,2000-02-21,F,Australia,Western Australia,4,26,C0918,3,1461361.8699999999,487120.6233333333,True,False,False,True,False,54,0,1
C0919,Barbara,Foster,1975-08-17,F,Canada,Quebec,5,51,C0919,3,1059524.55,353174.85000000003,True,True,False,False,False,40,2,1
C0920,Christian,Williams,1973-10-11,M,USA,California,4,53,C0920,3,878368.79,292789.5966666667,True,False,False,False,True,8,9,0
C0921,Christina,Reyes,1999-03-10,F,Australia,New South Wales,4,27,C0921,3,802736.76,267578.92,True,False,False,False,False,26,0,1
C0922,Joe,Bell,1942-10-28,M,Australia,Victoria,4,84,C0922,3,1105753.98,368584.66,True,True,True,False,True,49,0,1
C0923,Ruth,Richardson,1950-08-26,F,USA,Oregon,3,76,C0923,4,1183422.85,295855.7125,True,False,False,True,False,37,9,3
C0924,Emily,Wright,1988-03-20,F,USA,California,4,38,C0924,4,1558670.83,389667.7075,True,False,False,False,True,8,9,2
C0925,Michael,Ward,1944-05-12,M,Germany,Hamburg,2,82,C0925,3,1308035.02,436011.67333333334,True,False,False,False,True,16,5,2
C0926,Lauren,Harris,1961-04-04,F,USA,California,3,65,C0926,3,1078841.73,359613.91,True,False,False,False,True,8,9,0
C0927,Carol,Hayes,1962-11-04,F,France,Ile-de-France,4,64,C0927,3,933499.38,311166.46,True,False,False,True,False,18,4,1
C0928,Jordan,Jordan,1950-02-27,M,USA,California,1,76,C0928,3,758070.13,252690.04333333333,True,False,True,False,False,8,9,0
C0929,Jack,Hall,1954-05-23,M,USA,Washington,4,72,C0929,3,1167841.72,389280.5733333333,True,False,False,False,True,53,9,3
C0930,Debra,Moore,1993-04-15,F,USA,Washington,1,33,C0930,3,924305.53,308101.8433333333,True,True,True,False,False,53,9,3
C0931,Daniel,Parker,1977-12-25,M,USA,Nevada,2,49,C0931,3,997418.61,332472.87,True,True,True,True,False,25,9,0
C0932,Kathleen,Moore,1949-07-14,F,USA,New York,5,77,C0932,4,1468310.6600000001,367077.66500000004,True,False,False,False,True,27,9,2
C0933,Kimberly,Johnson,1955-09-03,F,USA,California,4,71,C0933,3,1077170.94,359056.98,True,False,False,False,True,8,9,0
C0934,Barbara,Allen,1943-10-02,F,UK,Northern Ireland,5,83,C0934,3,912489.5900000001,304163.1966666667,True,True,True,False,True,31,8,3
C0935,Katherine,Cooper,2000-05-17,F,Canada,Manitoba,4,26,C0935,3,1133032.49,377677.49666666664,True,False,False,False,False,22,2,1
C0936,Carolyn,Brooks,1951-04-10,F,USA,California,3,75,C0936,3,782945.97,260981.99,True,False,False,True,False,8,9,0
C0937,Gerald,Chavez,1982-04-03,M,USA,Arizona,5,44,C0937,4,1370340.9100000001,342585.22750000004,True,False,False,True,False,1,9,2
C0938,William,Chavez,1963-05-08,M,Russia,Krasnodar Krai,4,63,C0938,3,854217.7,284739.23333333334,True,False,False,False,True,21,7,0
C0939,Anna,Alexander,1978-02-02,F,Belgium,Brussels,1,48,C0939,4,1190833.68,297708.42,True,True,False,False,True,7,1,1
C0940,Kyle,Bell,1985-12-19,M,USA,Virginia,5,41,C0940,4,1628937.85,407234.4625,True,True,False,False,True,50,9,3
C0941,Grace,Moore,1955-07-17,F,Mexico,Jalisco,1,71,C0941,3,1028314.09,342771.36333333334,True,False,False,False,False,19,6,0
C0942,Joan,Jackson,1991-12-14,F,USA,California,1,35,C0942,4,1402631.76,350657.94,True,False,False,False,True,8,9,0
C0943,Karen,Cox,1957-09-13,F,Canada,Manitoba,5,69,C0943,3,975048.28,325016.0933333333,True,True,False,False,True,22,2,1
C0944,Virginia,Hughes,1956-08-24,F,USA,Florida,2,70,C0944,3,1256722.03,418907.3433333333,True,False,False,False,True,14,9,2
C0945,Emily,Hayes,1945-09-04,F,France,Provence,4,81,C0945,3,973406.55,324468.85000000003,True,False,False,False,True,38,4,1
C0946,Ashley,Weaver,1946-07-04,F,USA,Nevada,3,80,C0946,3,827605.63,275868.54333333333,True,True,True,False,False,25,9,0
C0947,Samantha,Cox,1981-05-16,F,USA,Texas,2,45,C0947,3,1096583.29,365527.76333333337,True,False,False,False,True,47,9,3
C0948,Emma,Nelson,1989-12-16,F,USA,California,3,37,C0948,4,1532000.51,383000.1275,True,True,True,False,True,8,9,2
C0949,Julia,Price,1943-06-26,F,USA,Colorado,5,83,C0949,4,1397057.95,349264.4875,True,True,True,True,False,11,9,2
C0950,Christina,Price,1991-12-11,F,USA,Texas,5,35,C0950,4,1418212.48,354553.12,True,True,False,False,True,47,9,3
C0951,Rachel,Chavez,1998-11-15,F,Mexico,Nuevo Leon,1,28,C0951,4,1658301.92,414575.48,True,False,True,True,False,33,6,2
C0952,Ann,Martin,1959-09-03,F,USA,Oregon,5,67,C0952,4,1886501.9300000002,471625.48250000004,True,False,False,False,True,37,9,2
C0953,Helios,Co,1995-10-22,M,USA,Washington,5,31,C0953,3,639815.0,213271.66666666666,False,False,True,False,True,53,9,3
C0954,Michael,Evans,1950-04-08,M,France,Brittany,4,76,C0954,4,1493788.0,373447.0,True,True,True,False,False,6,4,1
C0955,Megan,Garcia,1969-01-11,F,USA,California,1,57,C0955,3,1098111.78,366037.26,True,False,False,False,True,8,9,0
C0956,Donald,Jackson,1966-03-10,M,USA,California,1,60,C0956,4,1647197.45,411799.3625,True,False,True,False,True,8,9,2
C0957,Crestwood,Co,1961-05-21,M,USA,Oregon,2,65,C0957,4,1295242.02,323810.505,False,False,True,True,False,37,9,3
C0958,Betty,Rogers,1991-07-11,F,USA,Nevada,1,35,C0958,4,936091.4500000001,234022.86250000002,True,False,True,False,True,25,9,0
C0959,Carl,Hayes,1952-09-13,M,USA,California,3,74,C0959,4,1840159.66,460039.915,True,False,False,False,False,8,9,2
C0960,Linda,Bennett,1960-04-01,F,USA,Arizona,1,66,C0960,4,1380084.58,345021.145,True,True,True,True,False,1,9,0
C0961,Brandon,Morales,1974-08-03,M,UK,Wales,2,52,C0961,4,1681311.67,420327.9175,True,False,True,False,True,51,8,3
C0962,Nicholas,Hansen,1940-07-18,M,USA,California,4,86,C0962,4,1335726.82,333931.705,True,False,False,False,True,8,9,0
C0963,James,Davis,1941-08-09,M,Canada,Alberta,4,85,C0963,3,598874.99,199624.99666666667,True,False,False,False,False,0,2,1
C0964,Elizabeth,Hall,1953-09-19,F,USA,California,4,73,C0964,3,1015121.6900000001,338373.89666666667,True,False,False,False,True,8,9,0
C0965,Lauren,Adams,1961-09-26,F,USA,New York,3,65,C0965,3,840199.6100000001,280066.5366666667,True,True,False,False,True,27,9,0
C0966,Corvus,Co,1995-10-11,M,USA,California,3,31,C0966,4,1606785.0499999998,401696.26249999995,False,True,False,False,True,8,9,2
C0967,Jennifer,Moore,1959-01-20,F,USA,California,2,67,C0967,3,705599.66,235199.8866666667,True,False,False,False,False,8,9,0
C0968,Julie,Hansen,1995-11-21,F,USA,Arizona,4,31,C0968,3,1089074.71,363024.9033333333,True,False,False,False,True,1,9,0
C0969,Amber,Ward,1976-03-27,F,Russia,Tatarstan,1,50,C0969,3,1118760.19,372920.0633333333,True,True,True,False,False,46,7,3
C0970,Peter,Johnson,1986-12-01,M,Denmark,North Denmark,3,40,C0970,4,1596404.25,399101.0625,True,False,True,False,True,29,3,1
C0971,Cynthia,Mitchell,1969-06-02,F,USA,Colorado,5,57,C0971,4,1278450.05,319612.5125,True,True,True,False,True,11,9,0
C0972,Sandra,Evans,1964-09-16,F,USA,Arizona,5,62,C0972,4,1298009.03,324502.2575,True,False,False,False,False,1,9,0
C0973,Charles,Stone,1992-12-03,M,USA,California,2,34,C0973,4,1595817.1600000001,398954.29000000004,True,True,False,True,False,8,9,2
C0974,Michael,Hansen,1961-05-22,M,USA,New York,1,65,C0974,4,1210990.11,302747.5275,True,False,False,False,False,27,9,0
C0975,Gregory,Reyes,1946-07-09,M,USA,Utah,4,80,C0975,3,941310.61,313770.2033333333,True,False,False,False,True,48,9,3
C0976,Ryan,Miller,1983-07-18,M,USA,California,4,43,C0976,4,1206149.98,301537.495,True,False,True,False,True,8,9,0
C0977,Ryan,James,1996-04-07,M,USA,California,1,30,C0977,3,944672.95,314890.98333333334,True,False,False,False,False,8,9,0
C0978,Lauren,Brown,1963-11-11,F,USA,California,4,63,C0978,3,1449360.9100000001,483120.3033333334,True,False,True,False,True,8,9,2
C0979,Madison,Roberts,1940-02-25,F,Canada,Quebec,4,86,C0979,3,864661.4500000001,288220.48333333334,True,True,False,False,True,40,2,1
C0980,Daniel,Davis,1942-01-13,M,USA,New York,1,84,C0980,3,1156326.6400000001,385442.2133333334,True,True,True,False,True,27,9,0
C0981,Jessica,Stewart,1961-11-14,F,USA,California,1,65,C0981,4,2048324.19,512081.0475,True,True,False,False,True,8,9,2
C0982,Joyce,Jackson,1961-07-08,F,Canada,Manitoba,5,65,C0982,3,1443503.73,481167.91,True,True,True,False,False,22,2,1
C0983,Brittany,Freeman,1994-06-21,F,Germany,North Rhine-Westphalia,4,32,C0983,3,803219.7,267739.89999999997,True,False,False,False,True,30,5,1
C0984,Mark,Johnson,1962-12-03,M,Canada,British Columbia,5,64,C0984,3,1206529.21,402176.4033333333,True,False,True,False,False,5,2,1
C0985,Ruth,Griffin,1954-10-15,F,USA,California,1,72,C0985,3,886990.72,295663.5733333333,True,False,True,False,True,8,9,0
C0986,Jacqueline,Ward,1981-10-18,F,Russia,Saint Petersburg,2,45,C0986,3,1445226.07,481742.0233333334,True,False,False,False,True,42,7,2
C0987,Maria,Johnson,1967-10-22,F,Germany,North Rhine-Westphalia,1,59,C0987,4,1086018.36,271504.59,True,False,True,False,False,30,5,1
C0988,Douglas,Cooper,1988-04-21,M,USA,Texas,3,38,C0988,3,695033.8,231677.93333333335,True,False,True,False,False,47,9,3
C0989,Amber,Cook,1946-10-19,F,USA,Oregon,4,80,C0989,4,1129907.31,282476.8275,True,False,False,False,True,37,9,3
C0990,Carl,Carter,1942-01-21,M,USA,Utah,4,84,C0990,4,1588383.3599999999,397095.83999999997,True,False,False,False,True,48,9,3
C0991,Heather,Adams,1975-03-27,F,USA,Nevada,1,51,C0991,3,1223116.15,407705.3833333333,True,False,False,False,True,25,9,2
C0992,Scott,Hughes,1988-11-19,M,Denmark,Capital Region,1,38,C0992,4,1478482.61,369620.6525,True,False,True,False,True,9,3,1
C0993,Ryan,Campbell,1954-03-11,M,USA,California,2,72,C0993,3,530494.44,176831.47999999998,True,False,True,False,True,8,9,0
C0994,Michael,Moore,1976-11-26,M,USA,California,3,50,C0994,4,1379902.8699999999,344975.71749999997,True,False,False,False,True,8,9,2
C0995,Amanda,Kim,1949-10-14,F,Australia,New South Wales,1,77,C0995,3,1004120.77,334706.92333333334,True,False,True,False,True,26,0,1
C0996,Terry,Howard,1956-06-11,M,Canada,Manitoba,2,70,C0996,3,888968.0,296322.6666666667,True,False,True,True,False,22,2,1
C0997,Terry,Collins,1950-03-11,M,USA,California,3,76,C0997,3,1607877.07,535959.0233333333,True,True,True,False,False,8,9,2
C0998,Grandis,Co,1969-05-06,F,USA,Virginia,4,57,C0998,4,1230552.15,307638.0375,False,False,False,False,False,50,9,3
C0999,Jacqueline,Cox,1969-09-15,F,USA,California,3,57,C0999,3,661984.35,220661.44999999998,True,True,False,False,False,8,9,0
C1000,Judith,Parker,1963-07-21,F,USA,Utah,2,63,C1000,4,1629372.23,407343.0575,True,False,True,False,True,48,9,3
C1001,Aaron,Nelson,1981-07-13,M,USA,California,3,45,C1001,4,1650296.94,412574.235,True,False,False,False,True,8,9,2
C1002,Scott,Hughes,1967-06-08,M,USA,California,5,59,C1002,3,1064050.72,354683.5733333333,True,False,False,False,True,8,9,0
C1003,Lauren,Bennett,1977-08-11,F,USA,Nevada,2,49,C1003,3,1164909.23,388303.07666666666,True,False,False,False,True,25,9,3
C1004,Alexander,Anderson,1982-09-17,M,USA,Oregon,3,44,C1004,4,1553467.6600000001,388366.91500000004,True,False,True,False,True,37,9,2
C1005,Barbara,Chavez,1988-06-07,F,Germany,Hamburg,3,38,C1005,3,778101.6000000001,259367.20000000004,True,False,False,True,False,16,5,1
C1006,Stephanie,Weaver,1992-12-24,F,USA,Georgia,1,34,C1006,3,738938.8,246312.93333333335,True,False,False,False,True,15,9,0
C1007,Joyce,Brooks,1948-10-25,F,UK,England,4,78,C1007,3,813104.68,271034.89333333337,True,False,False,False,False,12,8,0
C1008,Sterling,Co,1987-10-02,M,USA,California,2,39,C1008,4,1018262.69,254565.6725,False,False,False,False,True,8,9,0
C1009,Evelyn,Bell,1950-02-11,F,USA,Nevada,4,76,C1009,3,741160.04,247053.34666666668,True,True,True,False,False,25,9,0
C1010,Dennis,Moore,1964-03-10,M,Mexico,Jalisco,4,62,C1010,4,1331479.73,332869.9325,True,False,False,False,True,19,6,0
C1011,Virginia,Brooks,1952-12-18,F,USA,California,1,74,C1011,4,1281389.3900000001,320347.34750000003,True,True,False,False,True,8,9,0
C1012,Raymond,Morales,1960-10-20,M,USA,New York,4,66,C1012,3,1690270.5,563423.5,True,False,True,False,True,27,9,2
C1013,Stephanie,Patterson,1994-06-19,F,USA,Oregon,1,32,C1013,4,1627907.97,406976.9925,True,False,True,False,True,37,9,2
C1014,David,Weaver,1969-01-06,M,USA,California,3,57,C1014,3,1278106.36,426035.45333333337,True,False,True,False,True,8,9,2
C1015,Kyle,Davis,1977-09-01,M,USA,California,4,49,C1015,3,884426.51,294808.83666666667,True,False,True,False,True,8,9,0
C1016,Andrea,Wilson,1976-04-05,F,USA,California,4,50,C1016,4,1542774.6099999999,385693.65249999997,True,False,True,False,False,8,9,2
C1017,Megan,Baker,1968-12-22,F,USA,California,1,58,C1017,4,1116371.43,279092.8575,True,False,True,False,False,8,9,0
C1018,Tiffany,Turner,1967-06-19,F,USA,Colorado,5,59,C1018,3,845680.5700000001,281893.5233333334,True,False,True,True,False,11,9,0
C1019,Carolyn,Stewart,1975-10-27,F,USA,Nevada,2,51,C1019,3,1167255.18,389085.06,True,False,False,True,False,25,9,3
C1020,Deborah,Morales,1994-07-23,F,USA,California,3,32,C1020,4,1248826.8599999999,312206.71499999997,True,False,False,False,False,8,9,0
C1021,Jeffrey,Bryant,1974-09-04,M,USA,California,1,52,C1021,4,1554739.9,388684.975,True,True,False,True,False,8,9,2
C1022,Christina,King,1984-04-17,F,USA,Colorado,1,42,C1022,4,1389709.13,347427.2825,True,False,False,False,False,11,9,0
C1023,Heather,Bell,1953-07-28,F,USA,Nevada,1,73,C1023,3,1336237.87,445412.62333333335,True,False,True,False,True,25,9,2
C1024,Gregory,Long,1969-08-03,M,USA,Arizona,2,57,C1024,3,1351032.92,450344.30666666664,True,True,False,False,False,1,9,2
C1025,Michelle,King,1947-01-20,F,USA,California,1,79,C1025,3,738424.1799999999,246141.3933333333,True,False,False,True,False,8,9,0
C1026,Robert,Parker,1991-08-12,M,USA,California,1,35,C1026,3,1440775.1,480258.3666666667,True,True,False,False,False,8,9,2
C1027,Gerald,White,1976-12-10,M,USA,California,1,50,C1027,3,1554407.81,518135.9366666667,True,True,True,True,False,8,9,2
C1028,Nicholas,Cox,1942-04-07,M,USA,California,1,84,C1028,4,1143826.71,285956.6775,True,False,True,False,True,8,9,0
C1029,Ryan,Jackson,1949-11-06,M,Australia,Victoria,1,77,C1029,3,946560.97,315520.3233333333,True,False,False,False,False,49,0,1
C1030,Christine,Owens,1960-04-20,F,USA,Ohio,4,66,C1030,4,1353543.06,338385.765,True,False,False,False,True,35,9,3
C1031,Alexander,Reed,1989-01-13,M,UK,England,1,37,C1031,3,1011333.2,337111.06666666665,True,False,False,False,True,12,8,0
C1032,Larry,Freeman,1977-01-03,M,USA,Nevada,5,49,C1032,4,1494289.73,373572.4325,True,False,False,False,True,25,9,2
C1033,Eric,Jackson,1962-06-21,M,France,Ile-de-France,2,64,C1033,4,1496120.51,374030.1275,True,False,False,False,True,18,4,1
C1034,Andrea,Wilson,1979-01-20,F,USA,Colorado,5,47,C1034,4,1200049.6,300012.4,True,False,False,True,False,11,9,0
C1035,Jacob,Williams,1961-02-10,M,USA,Virginia,2,65,C1035,4,1528550.1300000001,382137.53250000003,True,False,False,False,True,50,9,3
C1036,Martha,Collins,1988-03-13,F,USA,Oregon,2,38,C1036,3,1176436.08,392145.36000000004,True,False,False,False,False,37,9,3
C1037,Corvus,Co,1970-01-02,M,Mexico,Baja California,2,56,C1037,3,1115637.13,371879.0433333333,False,False,True,False,True,2,6,0
C1038,Gerald,Gray,1959-05-25,M,USA,California,3,67,C1038,3,907128.2000000001,302376.0666666667,True,True,False,False,True,8,9,0
C1039,Nicholas,Carter,1962-07-17,M,USA,California,1,64,C1039,4,1428452.94,357113.235,True,False,True,False,False,8,9,0
C1040,Joseph,Young,1940-04-05,M,USA,California,5,86,C1040,3,901095.79,300365.26333333337,True,True,True,False,True,8,9,0
C1041,Evelyn,Morris,1990-12-07,F,USA,Nevada,5,36,C1041,3,1150040.79,383346.93,True,False,True,False,True,25,9,2
C1042,Rebecca,Parker,1945-08-03,F,USA,Nevada,2,81,C1042,4,1325783.46,331445.865,True,False,False,False,False,25,9,0
C1043,Carol,Griffin,1999-07-14,F,USA,Washington,5,27,C1043,3,1067911.8599999999,355970.61999999994,True,False,False,False,True,53,9,3
C1044,Eric,Howard,1971-05-15,M,USA,Nevada,5,55,C1044,4,1368036.3900000001,342009.09750000003,True,True,False,False,True,25,9,2
C1045,Rebecca,Allen,1942-04-01,F,USA,New York,3,84,C1045,3,974840.03,324946.6766666667,True,False,False,False,True,27,9,0
C1046,Maria,Wood,1969-05-21,F,Canada,Quebec,4,57,C1046,4,1301128.39,325282.0975,True,False,True,False,True,40,2,1
C1047,Ronald,Reyes,1984-12-12,M,USA,Virginia,3,42,C1047,3,1333737.83,444579.2766666667,True,False,False,False,True,50,9,3
C1048,Angela,Turner,1970-01-27,F,USA,Oregon,1,56,C1048,3,1349339.41,449779.8033333333,True,True,False,False,False,37,9,2
C1049,Tiffany,Sanders,1940-11-05,F,USA,California,5,86,C1049,3,1214294.1600000001,404764.72000000003,True,True,False,False,True,8,9,2
C1050,Tyler,Watson,1955-10-03,M,USA,Georgia,4,71,C1050,4,1274655.09,318663.7725,True,False,True,False,True,15,9,0
C1051,Cheryl,Hansen,1958-07-19,F,USA,Virginia,1,68,C1051,3,894972.26,298324.08666666667,True,False,True,False,False,50,9,3
C1052,Kimberly,Parker,1953-04-24,F,USA,Utah,1,73,C1052,4,1008000.54,252000.135,True,False,True,False,False,48,9,3
C1053,Adam,Kim,1974-11-10,M,Mexico,Nuevo Leon,2,52,C1053,3,1280976.9,426992.3,True,False,True,False,True,33,6,2
C1054,Edward,Foster,1989-09-04,M,USA,Arizona,2,37,C1054,3,837920.5800000001,279306.86000000004,True,False,True,False,True,1,9,0
C1055,Jonathan,Bennett,1972-11-20,M,USA,New York,2,54,C1055,3,811498.78,270499.5933333333,True,True,True,False,True,27,9,0
C1056,Larry,Wilson,1979-01-19,M,USA,Colorado,1,47,C1056,3,1436352.77,478784.25666666665,True,False,True,False,True,11,9,2
C1057,Jesse,Garcia,1994-04-17,M,USA,Nevada,5,32,C1057,4,1430593.53,357648.3825,True,True,False,False,True,25,9,2
C1058,Rachel,Weaver,1973-06-12,F,Germany,Bavaria,3,53,C1058,4,1526007.8199999998,381501.95499999996,True,False,True,False,True,3,5,2
C1059,Danielle,Davis,1978-06-26,F,USA,California,4,48,C1059,3,1266979.76,422326.58666666667,True,False,False,False,True,8,9,2
C1060,Christian,Evans,1940-12-25,M,USA,Nevada,5,86,C1060,3,1167625.18,389208.3933333333,True,False,False,False,False,25,9,2
C1061,Stephanie,Smith,1960-06-01,F,UK,Scotland,1,66,C1061,4,1689767.29,422441.8225,True,False,False,False,True,43,8,2
C1062,Billy,Foster,1975-12-20,M,USA,California,4,51,C1062,4,1766882.53,441720.6325,True,False,False,False,False,8,9,2
C1063,Nicole,Weaver,1988-12-05,F,USA,New York,5,38,C1063,3,1315820.94,438606.98,True,True,True,False,True,27,9,2
C1064,Brandon,Pierce,1945-08-06,M,USA,California,5,81,C1064,3,695434.77,231811.59,True,False,True,False,True,8,9,0
C1065,Mark,Reyes,1955-01-06,M,USA,Georgia,3,71,C1065,3,1107631.34,369210.4466666667,True,False,True,True,False,15,9,0
C1066,Ashley,Moore,1941-09-21,F,Australia,Victoria,1,85,C1066,4,1208868.77,302217.1925,True,False,False,False,True,49,0,1
C1067,Samuel,Howard,1942-12-24,M,Mexico,Jalisco,4,84,C1067,3,849001.36,283000.4533333333,True,True,False,False,False,19,6,0
C1068,Kathleen,Carter,1984-02-10,F,USA,California,3,42,C1068,3,1403831.31,467943.77,True,False,False,False,False,8,9,2
C1069,Lawrence,Cox,1992-06-13,M,USA,Virginia,3,34,C1069,3,1323760.8399999999,441253.6133333333,True,False,True,False,False,50,9,3
C1070,Virginia,Rogers,1951-06-26,F,Germany,Bavaria,5,75,C1070,3,1286265.1400000001,428755.0466666667,True,False,False,False,False,3,5,2
C1071,Aaron,Johnson,1966-08-11,M,USA,Texas,2,60,C1071,4,1047375.62,261843.905,True,False,False,False,False,47,9,3
C1072,Kimberly,Jones,1962-06-10,F,USA,Utah,3,64,C1072,3,829884.93,276628.31,True,False,False,False,False,48,9,3
C1073,Carl,Collins,1955-07-02,M,USA,California,2,71,C1073,4,1197808.83,299452.2075,True,True,False,False,True,8,9,0
C1074,George,Foster,1954-07-10,M,UK,Northern Ireland,1,72,C1074,3,1004700.45,334900.14999999997,True,False,False,False,True,31,8,3
C1075,Carolyn,Watson,1975-02-17,F,Mexico,Baja California,3,51,C1075,4,1178400.08,294600.02,True,False,False,False,True,2,6,0
C1076,Betty,Thompson,1980-10-28,F,USA,Florida,3,46,C1076,3,884169.44,294723.14666666667,True,True,False,False,False,14,9,0
C1077,Peter,Griffin,1982-03-07,M,USA,Texas,2,44,C1077,4,1467449.24,366862.31,True,True,False,False,False,47,9,3
C1078,Joshua,Howard,1940-07-22,M,USA,Ohio,1,86,C1078,3,1247337.58,415779.19333333336,True,False,False,False,False,35,9,3
C1079,Steven,Hayes,1959-06-19,M,USA,California,4,67,C1079,3,1151228.31,383742.77,True,True,True,False,True,8,9,2
C1080,Hannah,Stewart,1956-10-06,F,UK,England,4,70,C1080,4,1594795.52,398698.88,True,True,False,False,False,12,8,2
C1081,Meridian,Co,1974-09-08,M,Russia,Novosibirsk,4,52,C1081,3,1006584.7,335528.23333333334,False,False,True,False,False,32,7,3
C1082,Patricia,Martin,1993-02-04,F,USA,Oregon,5,33,C1082,3,829499.85,276499.95,True,True,True,False,True,37,9,3
C1083,Pamela,Jackson,1950-10-06,F,USA,Colorado,4,76,C1083,4,1145122.1,286280.525,True,True,False,False,False,11,9,0
C1084,Sarah,Hansen,1989-07-27,F,France,Ile-de-France,4,37,C1084,4,1357921.15,339480.2875,True,False,False,False,False,18,4,1
C1085,Sarah,Flores,1947-10-18,F,Australia,Queensland,1,79,C1085,3,797675.03,265891.6766666667,True,True,False,True,False,41,0,1
C1086,Timothy,Montgomery,1956-03-01,M,USA,Colorado,1,70,C1086,4,1339827.27,334956.8175,True,False,True,False,True,11,9,0
C1087,Matthew,Owens,1984-01-03,M,USA,Colorado,3,42,C1087,4,1878433.21,469608.3025,True,False,False,False,True,11,9,2
C1088,Nicholas,Stewart,1998-09-26,M,USA,Utah,4,28,C1088,3,802271.19,267423.73,True,False,True,False,False,48,9,3
C1089,Madison,Ward,1962-09-17,F,USA,Utah,1,64,C1089,4,959344.08,239836.02,True,False,True,False,True,48,9,3
C1090,Laura,Moore,1962-09-07,F,Canada,Alberta,3,64,C1090,3,1217272.58,405757.5266666667,True,False,True,True,False,0,2,1
C1091,Arthur,Phillips,1984-07-21,M,USA,Nevada,1,42,C1091,3,741797.49,247265.83,True,False,True,False,False,25,9,0
C1092,Terry,Adams,1996-11-24,M,USA,Oregon,2,30,C1092,3,1213248.05,404416.01666666666,True,True,False,False,True,37,9,3
C1093,Adam,Allen,1980-07-13,M,USA,Oregon,1,46,C1093,3,805402.8300000001,268467.61000000004,True,False,True,False,True,37,9,3
C1094,Sarah,Cook,1960-02-12,F,USA,Washington,2,66,C1094,4,1631407.56,407851.89,True,False,True,False,True,53,9,3
C1095,Cynthia,Howard,1940-02-26,F,USA,California,3,86,C1095,4,1454366.24,363591.56,True,False,False,False,False,8,9,2
C1096,Grace,Edwards,1965-05-20,F,USA,New York,2,61,C1096,4,1756661.91,439165.4775,True,False,False,True,False,27,9,2
C1097,Teresa,Pierce,1962-07-16,F,Canada,Alberta,3,64,C1097,3,1064342.81,354780.9366666667,True,False,True,False,False,0,2,1
C1098,Paul,Young,1976-10-24,M,USA,California,3,50,C1098,3,1187774.23,395924.74333333335,True,True,False,True,False,8,9,2
C1099,Joan,Scott,1972-06-26,F,USA,Colorado,3,54,C1099,4,1426501.12,356625.28,True,False,False,False,False,11,9,2
C1100,Frank,Thomas,1940-05-14,M,Russia,Novosibirsk,1,86,C1100,4,1314225.5899999999,328556.39749999996,True,False,False,False,True,32,7,3
C1101,Matthew,King,1964-01-03,M,Belgium,Flanders,5,62,C1101,4,1037914.4299999999,259478.60749999998,True,False,False,False,True,13,1,1
C1102,Harmon,Co,1960-05-06,M,Germany,Berlin,2,66,C1102,4,1248456.03,312114.0075,False,False,False,False,False,4,5,0
C1103,Jose,Johnson,1961-04-27,M,Belgium,Wallonia,4,65,C1103,4,1206840.81,301710.2025,True,False,False,False,False,52,1,1
C1104,Christian,Weaver,1998-10-15,M,USA,Utah,5,28,C1104,3,893996.19,297998.73,True,True,True,False,True,48,9,3
C1105,Roger,Ward,1940-01-14,M,USA,Nevada,3,86,C1105,4,1623510.31,405877.5775,True,False,True,False,True,25,9,2
C1106,Sean,Martin,1982-05-16,M,USA,California,1,44,C1106,3,773499.85,257833.28333333333,True,False,False,False,False,8,9,0
C1107,Frank,Hayes,1948-01-15,M,Canada,British Columbia,1,78,C1107,3,1156527.59,385509.1966666667,True,False,False,False,True,5,2,1
C1108,Helen,Ward,1994-01-12,F,Australia,South Australia,4,32,C1108,3,1069904.1,356634.7,True,False,False,False,True,44,0,1
C1109,Rebecca,Anderson,1967-09-05,F,USA,California,1,59,C1109,4,1756965.37,439241.3425,True,False,True,True,False,8,9,2
C1110,Harold,Watson,1977-05-12,M,USA,New York,5,49,C1110,4,1445458.33,361364.5825,True,False,True,False,True,27,9,2
C1111,Corvus,Co,1967-01-23,M,USA,California,4,59,C1111,3,885146.14,295048.7133333333,False,False,True,False,True,8,9,0
C1112,Donald,Green,1982-01-05,M,USA,Nevada,3,44,C1112,3,961599.4199999999,320533.13999999996,True,True,True,False,True,25,9,0
C1113,Brenda,Martin,1974-08-18,F,USA,Texas,2,52,C1113,4,1162770.88,290692.72,True,True,False,True,False,47,9,3
C1114,Cheryl,Wood,1992-02-04,F,USA,California,3,34,C1114,3,872825.73,290941.91,True,False,False,False,True,8,9,0
C1115,Joseph,Bell,1973-10-24,M,USA,Colorado,3,53,C1115,3,1054599.19,351533.0633333333,True,False,True,False,False,11,9,0
C1116,Angela,Freeman,1991-12-17,F,USA,California,1,35,C1116,3,766951.9500000001,255650.65000000002,True,False,True,False,False,8,9,0
C1117,Rebecca,Patterson,1955-02-23,F,Mexico,Mexico City,5,71,C1117,4,1149629.49,287407.3725,True,False,True,False,True,23,6,0
C1118,Caldera,Co,1969-04-26,M,UK,Scotland,2,57,C1118,3,859368.99,286456.33,False,True,True,False,True,43,8,3
C1119,Larry,Green,1941-03-14,M,USA,Oregon,1,85,C1119,3,938703.6599999999,312901.22,True,False,True,False,True,37,9,3
C1120,Kathleen,Carter,1979-07-16,F,USA,Arizona,1,47,C1120,4,1371211.29,342802.8225,True,False,False,False,True,1,9,0
C1121,Carolyn,Gray,1985-06-02,F,USA,California,1,41,C1121,3,1014661.78,338220.5933333333,True,False,False,True,False,8,9,0
C1122,Judith,Evans,1942-10-04,F,USA,California,4,84,C1122,4,1558949.2,389737.3,True,False,False,False,True,8,9,2
C1123,Robert,Pierce,1951-03-11,M,USA,Virginia,5,75,C1123,3,1241771.44,413923.8133333333,True,False,False,False,False,50,9,3
C1124,Sharon,Murray,1976-02-04,F,USA,Oregon,5,50,C1124,4,1272190.01,318047.5025,True,True,True,False,True,37,9,3
C1125,Ronald,Price,1941-02-03,M,USA,Oregon,3,85,C1125,3,1186907.08,395635.69333333336,True,False,False,False,False,37,9,3
C1126,Elara,Co,1983-02-16,M,USA,Virginia,1,43,C1126,3,893488.2,297829.39999999997,False,False,True,False,True,50,9,3
C1127,Ann,Cooper,1943-06-15,F,UK,England,1,83,C1127,3,838728.4,279576.13333333336,True,True,False,False,True,12,8,0
C1128,Brian,Montgomery,1983-12-05,M,USA,California,1,43,C1128,3,1186634.53,395544.8433333333,True,True,False,False,True,8,9,0
C1129,Martha,Hansen,1945-09-03,F,USA,Colorado,5,81,C1129,4,1463125.26,365781.315,True,True,False,False,False,11,9,2
C1130,Tiffany,Parker,1987-03-01,F,USA,Arizona,5,39,C1130,4,1326217.01,331554.2525,True,False,False,False,True,1,9,0
C1131,Cheryl,Kim,1984-05-28,F,USA,California,3,42,C1131,3,1210500.79,403500.26333333337,True,True,False,False,True,8,9,2
C1132,Terry,Roberts,1982-01-21,M,USA,New York,2,44,C1132,3,1383901.27,461300.42333333334,True,False,True,False,True,27,9,2
C1133,Jason,Hansen,1993-01-21,M,USA,Oregon,3,33,C1133,4,1427019.92,356754.98,True,True,False,False,True,37,9,3
C1134,Dorothy,Bennett,1943-10-10,F,USA,California,1,83,C1134,4,1088583.78,272145.945,True,True,False,False,True,8,9,0
C1135,Melissa,Phillips,1999-09-22,F,Russia,Moscow Oblast,5,27,C1135,3,1186082.75,395360.9166666667,True,True,True,True,False,24,7,2
C1136,Shirley,Weaver,1965-04-27,F,USA,California,3,61,C1136,3,1016844.64,338948.2133333333,True,False,True,False,False,8,9,0
C1137,Carol,Price,1986-12-24,F,USA,Nevada,4,40,C1137,3,1114902.43,371634.1433333333,True,False,True,False,False,25,9,3
C1138,George,Green,1964-08-24,M,USA,Oregon,1,62,C1138,3,840602.9199999999,280200.9733333333,True,False,False,False,True,37,9,3
C1139,Tiffany,Green,1996-03-03,F,USA,California,4,30,C1139,3,1297382.59,432460.86333333334,True,False,True,True,False,8,9,2
C1140,Billy,Jackson,1976-07-01,M,USA,Florida,1,50,C1140,3,1275809.71,425269.9033333333,True,False,True,False,True,14,9,2
C1141,Kimberly,Montgomery,2000-01-26,F,USA,Arizona,3,26,C1141,3,990242.33,330080.7766666667,True,True,False,False,True,1,9,0
C1142,Julia,Hughes,1948-03-10,F,USA,Colorado,2,78,C1142,4,1492680.13,373170.0325,True,False,True,False,False,11,9,2
C1143,Michael,Garcia,1994-09-10,M,USA,Arizona,2,32,C1143,3,1108329.67,369443.2233333333,True,False,True,False,True,1,9,0
C1144,Diane,Young,1978-11-10,F,USA,Georgia,4,48,C1144,4,1244666.12,311166.53,True,True,False,True,False,15,9,0
C1145,Ethan,King,1993-04-04,M,USA,Nevada,5,33,C1145,3,1118850.31,372950.10333333333,True,False,False,False,True,25,9,3
C1146,Richard,Weaver,1991-03-14,M,USA,California,2,35,C1146,3,1037824.43,345941.4766666667,True,True,False,False,True,8,9,0
C1147,Brittany,Edwards,1978-02-09,F,USA,Utah,3,48,C1147,3,905314.84,301771.61333333334,True,False,False,False,True,48,9,3
C1148,Joshua,Rogers,1991-07-15,M,Australia,New South Wales,1,35,C1148,3,1083677.57,361225.8566666667,True,False,True,False,False,26,0,1
C1149,Kimberly,Thomas,1980-03-06,F,Russia,Tatarstan,3,46,C1149,4,1277449.99,319362.4975,True,False,False,False,False,46,7,3
C1150,Tiffany,Cook,1992-11-08,F,USA,Nevada,4,34,C1150,3,1476970.3,492323.43333333335,True,True,False,False,False,25,9,2
C1151,Tyler,Anderson,1963-12-14,M,USA,Arizona,2,63,C1151,4,1760000.3399999999,440000.08499999996,True,True,False,False,True,1,9,2
C1152,Jason,Williams,1977-09-16,M,USA,Georgia,1,49,C1152,4,1654928.32,413732.08,True,False,False,False,True,15,9,2
C1153,Scott,Sanders,1991-09-14,M,USA,California,1,35,C1153,3,1007630.0,335876.6666666667,True,False,False,False,True,8,9,0
C1154,Jerry,Brown,1956-07-12,M,USA,Utah,5,70,C1154,4,1373889.96,343472.49,True,False,True,False,False,48,9,3
C1155,William,Young,1977-03-03,M,USA,California,5,49,C1155,3,1577625.0,525875.0,True,False,False,False,True,8,9,2
C1156,Dorothy,Kim,1956-05-16,F,USA,Virginia,4,70,C1156,3,859956.66,286652.22000000003,True,False,False,False,False,50,9,3
C1157,Kenneth,Davis,1944-11-02,M,Canada,Alberta,2,82,C1157,4,894080.38,223520.095,True,True,False,False,True,0,2,1
C1158,Joan,Pierce,1955-05-19,F,USA,California,2,71,C1158,3,941360.29,313786.76333333337,True,True,False,False,True,8,9,0
C1159,Gerald,Howard,1940-03-24,M,USA,Nevada,1,86,C1159,3,1170550.92,390183.63999999996,True,True,True,False,True,25,9,0
C1160,Walter,Griffin,1980-11-21,M,USA,Florida,2,46,C1160,4,1359425.8599999999,339856.46499999997,True,False,True,False,True,14,9,0
C1161,Stephen,White,1994-02-12,M,Canada,Alberta,3,32,C1161,4,2022416.31,505604.0775,True,True,True,False,True,0,2,2
C1162,Charles,Nelson,1962-01-25,M,USA,California,2,64,C1162,4,1116223.63,279055.9075,True,True,False,False,True,8,9,0
C1163,Noah,Morales,1998-10-26,M,USA,California,3,28,C1163,4,1202709.18,300677.295,True,False,True,False,True,8,9,0
C1164,Emma,Watson,1968-04-11,F,Belgium,Wallonia,3,58,C1164,4,1315287.03,328821.7575,True,False,True,False,False,52,1,1
C1165,Victoria,Alexander,1994-09-26,F,Russia,Moscow Oblast,1,32,C1165,3,970705.3999999999,323568.4666666666,True,False,False,False,True,24,7,0
C1166,Scott,Hall,1991-11-15,M,USA,New York,1,35,C1166,4,1163601.79,290900.4475,True,True,False,False,True,27,9,0
C1167,Kevin,Alexander,1967-12-20,M,UK,Scotland,3,59,C1167,3,1163104.83,387701.61000000004,True,False,False,False,True,43,8,3
C1168,Brittany,Reyes,1998-12-25,F,Germany,Hamburg,2,28,C1168,4,1081069.19,270267.2975,True,False,True,False,False,16,5,1
C1169,Noah,Bryant,1994-01-05,M,Russia,Saint Petersburg,5,32,C1169,4,900300.22,225075.055,True,False,True,False,False,42,7,3
C1170,Amanda,Collins,1990-02-09,F,USA,Nevada,1,36,C1170,4,1165955.62,291488.905,True,False,True,False,True,25,9,0
C1171,Anna,Patterson,1984-08-21,F,USA,California,4,42,C1171,4,1561809.25,390452.3125,True,True,True,False,True,8,9,2
C1172,Victoria,Freeman,1942-11-05,F,USA,Nevada,5,84,C1172,4,1240274.79,310068.6975,True,False,False,False,True,25,9,0
C1173,Cheryl,Price,1984-11-02,F,Canada,Manitoba,1,42,C1173,4,1261072.17,315268.0425,True,True,False,False,True,22,2,1
C1174,Kenneth,White,1982-07-06,M,USA,Nevada,2,44,C1174,4,1414798.99,353699.7475,True,False,False,False,False,25,9,2
C1175,Evelyn,Long,1959-09-27,F,USA,California,2,67,C1175,4,1766232.62,441558.155,True,False,False,False,True,8,9,2
C1176,Lauren,Baker,1975-06-03,F,USA,California,4,51,C1176,3,1003328.89,334442.9633333333,True,True,True,False,False,8,9,0
C1177,Larry,Sanders,1998-09-05,M,USA,California,2,28,C1177,4,1047224.2699999999,261806.06749999998,True,True,False,False,False,8,9,0
C1178,Jessica,Richardson,1950-07-16,F,USA,California,1,76,C1178,3,744651.07,248217.02333333332,True,False,False,False,False,8,9,0
C1179,Melissa,Anderson,1991-02-09,F,USA,California,4,35,C1179,3,848152.02,282717.34,True,False,False,False,False,8,9,0
C1180,Deborah,Miller,1995-07-11,F,Belgium,Brussels,2,31,C1180,4,1111089.24,277772.31,True,False,True,False,True,7,1,1
C1181,Judith,Hansen,1956-03-23,F,USA,Nevada,5,70,C1181,3,743723.3099999999,247907.77,True,True,False,False,True,25,9,0
C1182,Christopher,Murray,1961-03-11,M,Germany,Bavaria,3,65,C1182,4,1522183.38,380545.845,True,True,True,False,True,3,5,2
C1183,Carl,Rogers,1993-11-14,M,USA,Arizona,1,33,C1183,4,1364593.88,341148.47,True,True,False,False,True,1,9,0
C1184,David,Nelson,1953-04-14,M,France,Ile-de-France,2,73,C1184,3,500255.63,166751.87666666668,True,False,False,False,True,18,4,1
C1185,Ronald,Peterson,2000-06-27,M,USA,California,3,26,C1185,4,1218570.99,304642.7475,True,False,False,False,True,8,9,0
C1186,Victoria,Bennett,1978-06-27,F,USA,Nevada,3,48,C1186,3,1141153.96,380384.6533333333,True,False,True,False,True,25,9,3
C1187,Melissa,Pierce,1962-03-18,F,USA,Nevada,4,64,C1187,3,1097539.23,365846.41,True,False,False,False,True,25,9,3
C1188,Matthew,White,1995-11-01,M,Canada,Alberta,1,31,C1188,4,1437535.25,359383.8125,True,False,False,True,False,0,2,1
C1189,Peter,Alexander,1963-01-22,M,USA,Florida,2,63,C1189,4,1180295.09,295073.7725,True,False,True,True,False,14,9,0
C1190,Sandra,Baker,1946-08-04,F,USA,Texas,4,80,C1190,4,1358669.02,339667.255,True,False,False,True,False,47,9,3
C1191,Mary,Cox,1950-04-17,F,USA,California,3,76,C1191,3,1095538.81,365179.60333333333,True,True,False,False,True,8,9,0
C1192,Adam,Jones,2000-01-05,M,USA,Florida,5,26,C1192,4,1111237.94,277809.485,True,False,False,False,True,14,9,0
C1193,Amy,Owens,1975-04-20,F,UK,England,1,51,C1193,4,946796.24,236699.06,True,False,False,False,True,12,8,0
C1194,Melissa,Brooks,1943-06-17,F,USA,Colorado,1,83,C1194,3,1084957.53,361652.51,True,False,False,False,True,11,9,0
C1195,Anna,Pierce,1990-06-07,F,USA,California,4,36,C1195,4,1118238.91,279559.7275,True,False,True,False,False,8,9,0
C1196,William,Freeman,1955-09-03,M,USA,Nevada,2,71,C1196,4,1731153.76,432788.44,True,False,False,False,False,25,9,2
C1197,Deborah,Roberts,1959-04-10,F,USA,Arizona,4,67,C1197,3,1439595.57,479865.19,True,False,False,False,True,1,9,2
C1198,Lisa,Young,1960-01-21,F,USA,New York,1,66,C1198,3,1415391.5899999999,471797.1966666666,True,False,False,False,False,27,9,2
C1199,Justin,Campbell,1943-03-03,M,USA,Colorado,2,83,C1199,4,1013002.89,253250.7225,True,False,False,False,True,11,9,0
C1200,Henry,Taylor,1969-11-03,M,USA,Utah,4,57,C1200,4,1789601.3299999998,447400.33249999996,True,False,False,False,False,48,9,2
C1201,Timothy,Stewart,2000-03-22,M,USA,Oregon,1,26,C1201,4,1063833.91,265958.4775,True,True,True,False,True,37,9,3
C1202,Telnox,Co,1985-05-09,M,Canada,Quebec,5,41,C1202,4,1527115.1600000001,381778.79000000004,False,True,True,False,True,40,2,1
C1203,Ashley,Green,1962-01-18,F,USA,Arizona,2,64,C1203,3,1083378.55,361126.18333333335,True,False,True,False,True,1,9,0
C1204,William,Reed,1992-04-03,M,Mexico,Puebla,2,34,C1204,3,1231356.24,410452.08,True,True,True,False,True,39,6,3
C1205,Patrick,Pierce,1959-05-15,M,Belgium,Flanders,4,67,C1205,3,968123.38,322707.79333333333,True,False,False,False,True,13,1,1
C1206,Melissa,Baker,1957-12-09,F,USA,California,5,69,C1206,3,941726.19,313908.73,True,True,False,False,True,8,9,0
C1207,Lauren,Price,1973-10-24,F,USA,Texas,5,53,C1207,4,1084392.98,271098.245,True,False,True,False,False,47,9,3
C1208,Noah,Ward,1977-11-27,M,USA,Colorado,1,49,C1208,3,1277019.82,425673.2733333334,True,False,False,False,True,11,9,2
C1209,Tiffany,Kim,1978-07-01,F,USA,California,4,48,C1209,4,1201633.01,300408.2525,True,False,True,False,True,8,9,0
C1210,Dennis,Cox,1991-06-04,M,USA,California,1,35,C1210,4,1146800.83,286700.2075,True,True,False,False,True,8,9,0
C1211,Kathleen,Owens,1996-07-10,F,Canada,British Columbia,5,30,C1211,4,1447927.02,361981.755,True,False,True,False,True,5,2,1
C1212,Lawrence,Gray,1957-07-11,M,USA,California,1,69,C1212,4,1052290.76,263072.69,True,False,False,False,False,8,9,0
C1213,Ruth,Martin,1993-08-06,F,Canada,Manitoba,5,33,C1213,3,829461.56,276487.1866666667,True,False,False,False,True,22,2,1
C1214,Jennifer,Peterson,2000-08-10,F,USA,Florida,1,26,C1214,4,1725018.4100000001,431254.60250000004,True,False,False,False,False,14,9,2
C1215,Charles,Patterson,1994-07-24,M,USA,California,3,32,C1215,3,1140423.3800000001,380141.1266666667,True,False,False,False,True,8,9,0
C1216,Martha,Jordan,1997-07-10,F,France,Normandy,4,29,C1216,3,1191384.37,397128.12333333335,True,False,False,False,True,28,4,1
C1217,William,Carter,1997-01-05,M,USA,California,4,29,C1217,3,1007204.78,335734.9266666667,True,True,True,False,True,8,9,0
C1218,Teresa,Smith,1941-12-28,F,USA,California,1,85,C1218,4,1308613.5699999998,327153.39249999996,True,False,True,False,True,8,9,0
C1219,Danielle,Howard,1983-12-06,F,USA,Arizona,1,43,C1219,3,867409.27,289136.42333333334,True,False,True,False,True,1,9,0
C1220,Christina,Martin,1967-09-08,F,USA,Colorado,4,59,C1220,4,1471199.75,367799.9375,True,True,True,False,True,11,9,2
C1221,Cynthia,Thomas,1984-05-23,F,USA,Nevada,2,42,C1221,3,1354868.93,451622.9766666666,True,True,False,False,False,25,9,2
C1222,Christopher,Taylor,1969-01-07,M,USA,Utah,4,57,C1222,3,1319349.8599999999,439783.2866666666,True,False,False,False,True,48,9,3
C1223,Sharon,Stone,1952-09-17,F,USA,Washington,4,74,C1223,3,1072582.78,357527.5933333333,True,False,False,False,True,53,9,3
C1224,Paul,Carter,1942-06-13,M,USA,New York,5,84,C1224,3,827238.27,275746.09,True,True,True,True,False,27,9,0
C1225,Larry,James,1990-11-10,M,USA,Oregon,2,36,C1225,3,1122587.7,374195.89999999997,True,False,False,False,True,37,9,3
C1226,Michael,Sanders,1989-05-01,M,USA,Utah,4,37,C1226,3,972596.1300000001,324198.71,True,False,False,False,True,48,9,3
C1227,Alexander,Reyes,1987-03-13,M,USA,Colorado,3,39,C1227,4,2151534.73,537883.6825,True,False,True,False,False,11,9,2
C1228,Joseph,Howard,1954-07-07,M,USA,California,2,72,C1228,3,1058718.77,352906.25666666665,True,False,False,False,True,8,9,0
C1229,Madison,Reyes,1994-11-02,F,UK,Scotland,1,32,C1229,3,1185126.78,395042.26,True,False,True,False,True,43,8,3
C1230,Lawrence,Parker,1985-02-18,M,USA,California,5,41,C1230,3,759973.15,253324.38333333333,True,False,False,True,False,8,9,0
C1231,Betty,Carter,1954-12-09,F,USA,California,2,72,C1231,3,859705.1699999999,286568.38999999996,True,False,False,False,False,8,9,0
C1232,Mary,Jackson,1989-09-23,F,Canada,British Columbia,3,37,C1232,4,1527373.03,381843.2575,True,False,False,False,True,5,2,1
C1233,Brian,Scott,1979-08-05,M,USA,Utah,4,47,C1233,3,936287.8,312095.93333333335,True,False,False,False,True,48,9,3
C1234,Karen,King,1957-01-20,F,USA,Colorado,1,69,C1234,4,1463190.28,365797.57,True,True,False,False,True,11,9,2
C1235,Michael,Morales,1957-05-27,M,USA,Arizona,2,69,C1235,4,1271344.1099999999,317836.02749999997,True,False,False,False,True,1,9,0
C1236,Brandon,Cook,1972-08-24,M,USA,Arizona,4,54,C1236,4,1747766.02,436941.505,True,False,True,False,True,1,9,2
C1237,Helen,Cook,1943-09-25,F,UK,Wales,4,83,C1237,3,688233.74,229411.24666666667,True,True,True,False,True,51,8,3
C1238,Joshua,Bennett,1946-04-22,M,USA,Nevada,1,80,C1238,4,1648873.57,412218.3925,True,False,True,False,False,25,9,2
C1239,Catherine,Adams,1953-02-07,F,USA,Oregon,3,73,C1239,4,1457041.08,364260.27,True,False,False,False,False,37,9,3
C1240,Gloria,Wright,1984-11-12,F,USA,Nevada,4,42,C1240,3,1018594.4400000001,339531.48000000004,True,True,True,False,True,25,9,3
C1241,Danielle,Martin,1973-08-19,F,USA,California,1,53,C1241,4,1157084.5899999999,289271.14749999996,True,False,False,False,False,8,9,0
C1242,Gerald,Collins,1961-09-22,M,USA,California,3,65,C1242,3,1055842.78,351947.5933333333,True,False,True,False,True,8,9,0
C1243,Jeffrey,Edwards,1948-10-04,M,USA,Colorado,1,78,C1243,4,1419502.04,354875.51,True,False,False,False,True,11,9,0
C1244,Joseph,Phillips,1992-06-10,M,USA,Utah,5,34,C1244,3,1438309.93,479436.6433333333,True,True,True,False,True,48,9,2
C1245,Edward,Reyes,1963-02-10,M,USA,California,3,63,C1245,3,1422519.51,474173.17,True,False,True,False,False,8,9,2
C1246,Joyce,Jackson,1943-05-10,F,Canada,Alberta,2,83,C1246,3,859984.47,286661.49,True,False,False,False,False,0,2,1
C1247,Judy,Moore,1957-04-09,F,USA,Nevada,2,69,C1247,4,1774416.3199999998,443604.07999999996,True,True,False,False,True,25,9,2
C1248,Sara,Scott,1976-07-04,F,USA,Arizona,3,50,C1248,3,786895.89,262298.63,True,False,False,False,False,1,9,0
C1249,Janet,James,1971-07-14,F,USA,California,1,55,C1249,4,1289938.6400000001,322484.66000000003,True,True,False,False,True,8,9,0
C1250,Jordan,Stewart,1950-04-19,M,USA,Nevada,5,76,C1250,3,1582661.61,527553.87,True,False,False,False,False,25,9,2
C1251,Aaron,Thompson,1975-11-01,M,USA,Texas,5,51,C1251,4,1246714.37,311678.5925,True,True,False,False,True,47,9,3
C1252,Margaret,Cook,1962-02-27,F,USA,Arizona,3,64,C1252,3,1137673.55,379224.51666666666,True,False,True,False,True,1,9,0
C1253,Jason,Flores,1991-09-24,M,USA,California,2,35,C1253,3,767162.2200000001,255720.74000000002,True,False,False,False,False,8,9,0
C1254,Ethan,Freeman,1956-04-04,M,USA,California,5,70,C1254,4,1604050.8800000001,401012.72000000003,True,False,True,False,False,8,9,2
C1255,Mark,Patterson,1999-09-15,M,USA,California,3,27,C1255,4,1105130.19,276282.5475,True,False,False,False,False,8,9,0
C1256,Triton,Co,1972-02-18,F,USA,California,4,54,C1256,3,1227293.02,409097.67333333334,False,True,False,False,False,8,9,2
C1257,Michael,Scott,1991-12-22,M,USA,California,5,35,C1257,3,850550.13,283516.71,True,False,True,False,False,8,9,0
C1258,Betty,Stone,1969-06-22,F,USA,Nevada,1,57,C1258,4,1015636.19,253909.0475,True,False,False,False,True,25,9,0
C1259,William,Edwards,1971-02-19,M,USA,California,3,55,C1259,4,1256766.51,314191.6275,True,True,True,False,False,8,9,0
C1260,Elizabeth,Ward,1992-08-24,F,USA,California,2,34,C1260,4,1633449.34,408362.335,True,False,False,False,False,8,9,2
C1261,Patrick,Kim,1976-09-03,M,USA,Utah,3,50,C1261,3,1491163.72,497054.5733333333,True,False,False,True,False,48,9,2
C1262,Dorothy,Evans,1950-11-10,F,USA,California,4,76,C1262,3,961425.37,320475.12333333335,True,True,False,False,False,8,9,0
C1263,Lawrence,Alexander,1951-11-17,M,USA,California,3,75,C1263,4,1975384.2000000002,493846.05000000005,True,True,False,False,False,8,9,2
C1264,Sarah,Garcia,1999-12-06,F,USA,California,1,27,C1264,3,1287173.46,429057.82,True,True,False,False,False,8,9,2
C1265,Gary,White,1943-03-24,M,USA,Washington,1,83,C1265,3,1070432.96,356810.98666666663,True,False,True,False,False,53,9,3
C1266,Christopher,Hughes,1952-06-20,M,UK,England,2,74,C1266,4,1204291.73,301072.9325,True,False,False,False,True,12,8,0
C1267,Dorothy,Peterson,1965-04-07,F,USA,Colorado,3,61,C1267,3,1399933.8800000001,466644.6266666667,True,False,True,False,True,11,9,2
C1268,Gloria,Green,1995-10-01,F,UK,Northern Ireland,1,31,C1268,3,968928.25,322976.0833333333,True,True,True,False,True,31,8,3
C1269,Jack,Bennett,1964-09-28,M,USA,California,5,62,C1269,3,1046535.0,348845.0,True,False,False,False,True,8,9,0
C1270,Cheryl,Ward,1978-10-18,F,USA,Texas,4,48,C1270,3,1310435.53,436811.8433333333,True,False,False,False,False,47,9,3
C1271,Noah,Anderson,1992-09-10,M,USA,California,2,34,C1271,4,1296911.85,324227.9625,True,False,True,False,False,8,9,0
C1272,Ryan,Collins,1941-05-13,M,France,Occitanie,1,85,C1272,3,778830.7999999999,259610.26666666663,True,False,True,False,True,34,4,1
C1273,Gerald,Jordan,1968-05-13,M,Canada,Alberta,5,58,C1273,3,1462080.32,487360.1066666667,True,False,False,False,True,0,2,1
C1274,Linda,Jones,1979-07-09,F,USA,California,1,47,C1274,3,1038831.8500000001,346277.2833333334,True,True,True,False,True,8,9,0
C1275,Jessica,Roberts,1969-02-26,F,USA,Georgia,1,57,C1275,4,1737593.0,434398.25,True,True,False,False,True,15,9,2
C1276,Arthur,Griffin,1940-03-09,M,Australia,Victoria,1,86,C1276,3,1635917.97,545305.99,True,False,True,False,False,49,0,1
C1277,Lauren,Griffin,1981-04-01,F,USA,California,2,45,C1277,3,1270250.68,423416.8933333333,True,True,False,False,False,8,9,2
C1278,Arthur,Griffin,1997-07-25,M,USA,Utah,4,29,C1278,3,685587.81,228529.27000000002,True,False,False,False,True,48,9,3
C1279,Peter,Martin,1943-10-12,M,USA,California,4,83,C1279,3,1278123.59,426041.1966666667,True,False,True,False,True,8,9,2
C1280,Jacob,Bennett,1953-09-19,M,USA,Texas,2,73,C1280,3,1295836.68,431945.56,True,False,True,False,True,47,9,3
C1281,Deborah,Edwards,1998-06-12,F,Canada,Manitoba,2,28,C1281,3,889312.14,296437.38,True,True,True,False,True,22,2,1
C1282,Ashley,Taylor,1996-05-18,F,USA,Colorado,3,30,C1282,4,1302998.6,325749.65,True,True,True,False,False,11,9,0
C1283,Janice,Collins,1945-11-08,F,USA,New York,3,81,C1283,4,1479050.94,369762.735,True,False,False,False,False,27,9,2
C1284,Patrick,Bennett,1955-10-16,M,USA,California,2,71,C1284,4,1443865.51,360966.3775,True,False,False,False,True,8,9,2
C1285,Steven,Cox,1954-03-02,M,USA,Utah,4,72,C1285,3,1609592.58,536530.86,True,False,True,False,True,48,9,2
C1286,Stephen,Evans,1963-07-10,M,USA,California,5,63,C1286,3,1203306.91,401102.3033333333,True,False,False,False,False,8,9,2
C1287,Diane,Hughes,1998-04-07,F,USA,California,4,28,C1287,3,843581.37,281193.79,True,True,False,False,True,8,9,0
C1288,Sean,Cooper,1941-01-20,M,Belgium,Wallonia,3,85,C1288,3,971136.6900000001,323712.23000000004,True,False,False,False,False,52,1,1
C1289,Samuel,Freeman,1973-07-26,M,Mexico,Jalisco,1,53,C1289,4,1076161.8599999999,269040.46499999997,True,True,True,False,False,19,6,0
C1290,Teresa,Long,1973-10-24,F,USA,Washington,3,53,C1290,4,1332432.9100000001,333108.22750000004,True,False,True,False,True,53,9,3
C1291,Paul,Johnson,1983-11-09,M,USA,California,5,43,C1291,3,1123403.46,374467.82,True,True,True,False,True,8,9,2
C1292,Jordan,Evans,1977-05-22,M,USA,Texas,5,49,C1292,4,1099365.94,274841.485,True,True,True,False,True,47,9,3
C1293,Anna,Wright,1972-08-01,F,USA,California,1,54,C1293,4,1853570.08,463392.52,True,False,False,False,False,8,9,2
C1294,Henry,Davis,1963-02-09,M,Canada,Ontario,3,63,C1294,3,1220533.28,406844.4266666667,True,True,True,False,False,36,2,1
C1295,Anna,Bryant,1992-04-21,F,USA,California,1,34,C1295,4,1478836.57,369709.1425,True,True,True,False,True,8,9,2
C1296,Keith,Hughes,1963-06-02,M,USA,Virginia,1,63,C1296,3,1025127.71,341709.23666666663,True,False,False,False,True,50,9,3
C1297,Vertex,Co,1983-09-06,M,Germany,Berlin,5,43,C1297,3,1169866.19,389955.39666666667,False,False,False,False,True,4,5,1
C1298,Margaret,Taylor,1968-08-04,F,USA,California,2,58,C1298,4,1571360.11,392840.0275,True,False,False,False,False,8,9,2
C1299,Karen,James,1944-05-05,F,USA,California,3,82,C1299,3,1296600.42,432200.13999999996,True,True,False,False,True,8,9,2
C1300,Judith,Collins,1961-01-06,F,USA,California,2,65,C1300,3,1428770.88,476256.95999999996,True,False,False,False,True,8,9,2
C1301,Benjamin,Hayes,1955-12-17,M,USA,Virginia,2,71,C1301,3,742139.88,247379.96,True,False,False,False,False,50,9,3
C1302,Jerry,Anderson,1996-04-19,M,USA,Arizona,5,30,C1302,4,1709532.6,427383.15,True,True,False,False,True,1,9,2
C1303,Christian,Miller,1962-08-22,M,USA,Arizona,3,64,C1303,3,979418.98,326472.99333333335,True,False,True,False,True,1,9,0
C1304,Angela,Cook,1985-06-08,F,USA,California,1,41,C1304,3,965747.81,321915.9366666667,True,True,False,False,True,8,9,0
C1305,Catherine,Anderson,1978-09-17,F,USA,Georgia,4,48,C1305,4,1034190.9,258547.725,True,False,False,False,True,15,9,0
C1306,Kathleen,Morales,1948-03-18,F,USA,Washington,5,78,C1306,3,967094.76,322364.92,True,False,False,False,True,53,9,3
C1307,Rachel,Rogers,1993-02-14,F,USA,Colorado,5,33,C1307,3,920439.02,306813.00666666665,True,False,False,False,False,11,9,0
C1308,Timothy,Sanders,2000-03-04,M,USA,California,5,26,C1308,4,1363559.13,340889.7825,True,True,False,False,False,8,9,2
C1309,David,Reyes,1999-12-06,M,USA,California,5,27,C1309,3,1460171.4100000001,486723.8033333334,True,False,False,False,True,8,9,2
C1310,Ann,Roberts,1955-05-04,F,USA,New York,5,71,C1310,4,1244334.1400000001,311083.53500000003,True,False,False,False,False,27,9,3
C1311,Christopher,Ward,1940-08-14,M,UK,England,4,86,C1311,3,1352275.6400000001,450758.5466666667,True,False,True,True,False,12,8,2
C1312,Timothy,Stone,1942-09-03,M,USA,New York,5,84,C1312,3,786877.06,262292.35333333333,True,False,False,False,True,27,9,0
C1313,Heather,Reed,1972-03-17,F,Australia,Western Australia,3,54,C1313,3,997579.61,332526.5366666667,True,True,False,False,True,54,0,1
C1314,Rachel,Miller,1964-09-17,F,USA,Arizona,3,62,C1314,3,803329.23,267776.41,True,False,False,False,True,1,9,0
C1315,Joshua,Garcia,1948-12-24,M,USA,Colorado,3,78,C1315,3,1066308.48,355436.16,True,False,False,False,False,11,9,0
C1316,Emma,King,1993-05-09,F,USA,Colorado,2,33,C1316,4,1238162.97,309540.7425,True,False,True,False,True,11,9,0
C1317,Atlas,Co,1973-11-27,M,USA,Utah,2,53,C1317,3,1315200.12,438400.04000000004,False,False,True,False,True,48,9,3
C1318,William,Montgomery,1943-01-18,M,USA,Texas,1,83,C1318,4,1423923.98,355980.995,True,False,False,False,True,47,9,3
C1319,Grace,James,1954-08-17,F,USA,Florida,3,72,C1319,4,1424704.13,356176.0325,True,False,True,True,False,14,9,2
C1320,Peter,Reyes,1969-05-03,M,USA,California,1,57,C1320,3,1077693.04,359231.01333333337,True,True,False,False,True,8,9,0
C1321,Christopher,Reed,1990-09-11,M,USA,Colorado,5,36,C1321,3,787847.37,262615.79,True,True,False,True,False,11,9,0
C1322,Barbara,Reyes,1994-12-26,F,USA,California,5,32,C1322,3,1094026.3399999999,364675.4466666666,True,False,False,False,False,8,9,0
C1323,Nicholas,Moore,1963-07-28,M,USA,Utah,3,63,C1323,4,1180654.6,295163.65,True,False,False,False,True,48,9,3
C1324,Carl,Edwards,1992-04-21,M,USA,Arizona,2,34,C1324,3,1323306.51,441102.17,True,True,True,False,False,1,9,2
C1325,George,Jones,1974-12-09,M,Canada,Alberta,5,52,C1325,4,1380292.56,345073.14,True,False,True,False,False,0,2,1
C1326,Brandon,Mitchell,1944-05-22,M,USA,Colorado,4,82,C1326,4,1489578.01,372394.5025,True,True,False,False,True,11,9,2
C1327,Betty,Carter,1993-05-14,F,USA,California,4,33,C1327,3,664017.81,221339.27000000002,True,False,True,False,True,8,9,0
C1328,Sandra,Cooper,1956-07-23,F,USA,Washington,4,70,C1328,4,1337283.29,334320.8225,True,False,False,False,True,53,9,3
C1329,Scott,Parker,1968-04-28,M,USA,California,3,58,C1329,3,1041797.56,347265.85333333333,True,True,True,False,False,8,9,0
C1330,Kelly,James,1975-05-02,F,USA,Colorado,2,51,C1330,4,835096.87,208774.2175,True,True,False,False,False,11,9,0
C1331,Christina,Bennett,1986-10-06,F,USA,California,1,40,C1331,3,1047958.11,349319.37,True,True,False,False,False,8,9,0
C1332,Michael,Howard,1995-12-11,M,USA,Washington,5,31,C1332,3,1227353.63,409117.87666666665,True,True,True,False,False,53,9,3
C1333,Jack,Hansen,1988-03-27,M,USA,Nevada,2,38,C1333,4,1364310.45,341077.6125,True,True,True,False,True,25,9,0
C1334,Victoria,Nelson,1965-12-08,F,USA,California,5,61,C1334,4,1906641.78,476660.445,True,False,True,False,False,8,9,2
C1335,Elizabeth,Hall,1982-05-01,F,USA,Oregon,2,44,C1335,3,1001510.5800000001,333836.86000000004,True,True,True,False,True,37,9,3
C1336,Joyce,Thompson,1948-12-09,F,USA,California,5,78,C1336,4,1371591.4,342897.85,True,False,False,True,False,8,9,2
C1337,Jennifer,Johnson,1953-09-20,F,USA,California,5,73,C1337,4,1310989.71,327747.4275,True,True,False,False,True,8,9,0
C1338,Christine,James,1968-12-01,F,USA,California,2,58,C1338,3,1096818.64,365606.2133333333,True,False,True,False,True,8,9,0
C1339,Rexon,Co,1961-02-24,M,USA,Nevada,4,65,C1339,4,1532340.63,383085.1575,False,False,True,False,True,25,9,2
C1340,Forsyte,Co,1988-12-05,M,USA,Colorado,5,38,C1340,4,1746049.93,436512.4825,False,False,False,False,True,11,9,2
C1341,Julie,Cox,1952-09-23,F,USA,Colorado,5,74,C1341,3,756694.8300000001,252231.61000000002,True,False,True,False,True,11,9,0
C1342,Maria,Griffin,1964-02-21,F,USA,California,1,62,C1342,3,922722.19,307574.0633333333,True,False,True,False,False,8,9,0
C1343,Megan,Turner,1995-03-13,F,Canada,Ontario,5,31,C1343,3,1005148.6399999999,335049.54666666663,True,False,False,False,False,36,2,1
C1344,Carl,Phillips,1974-05-24,M,USA,Florida,1,52,C1344,4,1319490.92,329872.73,True,False,False,False,False,14,9,0
C1345,Mary,Parker,1956-04-25,F,USA,Texas,5,70,C1345,3,942467.41,314155.80333333334,True,False,False,False,True,47,9,3
C1346,Triton,Co,1987-03-18,F,USA,Colorado,4,39,C1346,3,1037623.3900000001,345874.4633333334,False,True,False,False,False,11,9,0
C1347,Mark,James,1956-02-13,M,USA,Washington,2,70,C1347,3,1001705.48,333901.82666666666,True,False,False,True,False,53,9,3
C1348,Peter,Harris,1998-07-16,M,USA,Oregon,4,28,C1348,3,1021309.9299999999,340436.6433333333,True,False,True,True,False,37,9,3
C1349,Joyce,Johnson,1982-02-14,F,USA,Virginia,3,44,C1349,3,773186.34,257728.78,True,True,False,False,True,50,9,3
C1350,Julia,King,1991-05-17,F,Germany,Hamburg,5,35,C1350,4,743296.88,185824.22,True,False,False,False,True,16,5,0
C1351,Judith,Long,1987-06-24,F,Australia,South Australia,2,39,C1351,4,1400457.41,350114.3525,True,False,False,True,False,44,0,1
C1352,Benjamin,Gray,1989-03-16,M,USA,California,2,37,C1352,3,1535963.18,511987.7266666666,True,False,True,False,False,8,9,2
C1353,Debra,Jackson,1997-10-15,F,Canada,Alberta,1,29,C1353,3,532598.24,177532.74666666667,True,False,False,False,False,0,2,1
C1354,Patrick,Johnson,1941-04-09,M,USA,Florida,5,85,C1354,3,1545799.94,515266.64666666667,True,False,False,False,True,14,9,2
C1355,Shirley,Owens,1966-11-22,F,USA,California,2,60,C1355,3,1245446.7799999998,415148.9266666666,True,True,True,True,False,8,9,2
C1356,Jonathan,Morales,1994-03-26,M,USA,Oregon,4,32,C1356,3,1490237.62,496745.87333333335,True,True,False,False,False,37,9,2
C1357,Danielle,Patterson,1987-03-01,F,USA,California,5,39,C1357,3,1077383.54,359127.8466666667,True,False,True,False,True,8,9,0
C1358,Gregory,Taylor,1943-01-05,M,USA,Texas,4,83,C1358,3,965180.83,321726.9433333333,True,False,False,False,False,47,9,3
C1359,Gary,Owens,1975-07-25,M,USA,Virginia,3,51,C1359,4,1381335.3,345333.825,True,False,False,False,False,50,9,3
C1360,Billy,Nelson,1990-11-27,M,USA,Virginia,4,36,C1360,3,1001006.54,333668.8466666667,True,False,False,False,False,50,9,3
C1361,Ashley,Owens,1943-07-21,F,USA,California,3,83,C1361,4,1529260.3,382315.075,True,False,False,True,False,8,9,2
C1362,Laura,Jordan,1965-04-13,F,USA,California,1,61,C1362,4,993131.84,248282.96,True,True,True,False,False,8,9,0
C1363,James,Stone,1981-06-04,M,USA,Georgia,5,45,C1363,4,1109919.3599999999,277479.83999999997,True,False,True,False,False,15,9,0
C1364,Andrea,Watson,1998-12-23,F,USA,California,1,28,C1364,4,1201578.93,300394.7325,True,True,False,False,True,8,9,0
C1365,Tiffany,Sanders,1969-03-16,F,Belgium,Brussels,5,57,C1365,4,1443894.02,360973.505,True,True,True,False,True,7,1,1
C1366,George,Thompson,1995-07-27,M,USA,California,1,31,C1366,3,1488525.13,496175.0433333333,True,False,False,False,True,8,9,2
C1367,Stephanie,Jordan,1953-01-11,F,Germany,Berlin,2,73,C1367,3,1035889.5,345296.5,True,False,False,True,False,4,5,0
C1368,Jose,Gray,1947-11-22,M,USA,California,5,79,C1368,4,1378979.49,344744.8725,True,False,True,True,False,8,9,2
C1369,Peter,Garcia,1983-10-07,M,France,Brittany,4,43,C1369,4,1615394.12,403848.53,True,False,True,False,False,6,4,2
C1370,Frank,Evans,1965-06-04,M,USA,Colorado,1,61,C1370,4,834659.23,208664.8075,True,True,False,False,False,11,9,0
C1371,Timothy,Thomas,1989-06-19,M,UK,England,2,37,C1371,4,1036681.19,259170.2975,True,False,True,False,True,12,8,0
C1372,Lisa,Turner,1981-11-21,F,USA,Washington,2,45,C1372,3,874872.8,291624.26666666666,True,True,False,False,True,53,9,3
C1373,Melissa,Evans,1992-10-11,F,USA,California,3,34,C1373,3,1275663.27,425221.09,True,False,True,False,True,8,9,2
C1374,Quasar,Co,1990-01-25,M,France,Ile-de-France,3,36,C1374,3,1230590.28,410196.76,False,False,True,False,False,18,4,1
C1375,Carolyn,Flores,1972-11-22,F,USA,California,4,54,C1375,4,1097182.3900000001,274295.59750000003,True,True,True,False,False,8,9,0
C1376,Carolyn,Edwards,1987-06-23,F,USA,Arizona,3,39,C1376,3,1272387.2999999998,424129.0999999999,True,True,True,False,False,1,9,2
C1377,Laura,Long,1984-01-04,F,USA,Utah,2,42,C1377,3,828441.4099999999,276147.13666666666,True,True,False,False,True,48,9,3
C1378,Maria,Morales,1976-11-19,F,USA,California,1,50,C1378,3,1399739.87,466579.9566666667,True,True,False,False,True,8,9,2
C1379,Kevin,Gray,1970-06-11,M,UK,Scotland,2,56,C1379,3,827767.69,275922.5633333333,True,False,False,False,True,43,8,3
C1380,Michael,Hughes,1949-10-15,M,Canada,Alberta,4,77,C1380,3,1012542.1799999999,337514.06,True,True,False,False,True,0,2,1
C1381,Eric,Cox,1962-06-16,M,Germany,Hesse,3,64,C1381,3,1082639.9100000001,360879.97000000003,True,False,True,False,True,17,5,1
C1382,Adam,James,1951-05-19,M,USA,Oregon,2,75,C1382,4,1176910.13,294227.5325,True,False,False,False,True,37,9,3
C1383,Noah,Moore,1992-11-11,M,USA,California,2,34,C1383,3,864768.8300000001,288256.2766666667,True,False,False,False,False,8,9,0
C1384,Mary,Young,1988-03-10,F,USA,California,2,38,C1384,3,905480.04,301826.68,True,False,True,False,False,8,9,0
C1385,Kenneth,Owens,1946-06-01,M,USA,California,1,80,C1385,3,1182983.03,394327.6766666667,True,False,False,False,False,8,9,0
C1386,Harold,Howard,1947-08-23,M,USA,Washington,4,79,C1386,3,1284366.78,428122.26,True,False,True,False,True,53,9,3
C1387,Jose,Reed,1943-05-27,M,Germany,Hamburg,4,83,C1387,3,804550.47,268183.49,True,True,False,False,True,16,5,0
C1388,Hannah,Stone,1999-04-20,F,USA,Washington,3,27,C1388,3,1183031.06,394343.6866666667,True,False,False,False,True,53,9,3
C1389,Jordan,Montgomery,1952-07-03,M,UK,Scotland,2,74,C1389,4,1742522.83,435630.7075,True,False,False,False,True,43,8,2
C1390,Lauren,Thomas,1979-07-21,F,USA,Nevada,3,47,C1390,3,906492.19,302164.0633333333,True,False,False,False,True,25,9,0
C1391,Barbara,Campbell,1974-03-06,F,USA,Utah,1,52,C1391,4,1579627.98,394906.995,True,False,False,False,True,48,9,3
C1392,Jose,Johnson,1990-06-05,M,USA,Colorado,4,36,C1392,4,1434978.2000000002,358744.55000000005,True,False,True,False,False,11,9,2
C1393,Virginia,Miller,1981-07-09,F,Mexico,Baja California,1,45,C1393,4,1187799.99,296949.9975,True,True,False,False,False,2,6,0
C1394,Debra,Hansen,1977-02-26,F,USA,Nevada,4,49,C1394,4,1325404.6,331351.15,True,False,False,False,True,25,9,3
C1395,Megan,Campbell,1988-09-27,F,Canada,Alberta,4,38,C1395,4,1497964.92,374491.23,True,True,False,False,True,0,2,1
C1396,Steven,Foster,1971-06-02,M,Canada,Manitoba,3,55,C1396,3,977070.1199999999,325690.04,True,True,True,False,True,22,2,1
C1397,Linda,Chavez,1983-03-10,F,USA,Nevada,4,43,C1397,4,1551369.83,387842.4575,True,False,False,False,True,25,9,2
C1398,Alexander,Jones,1966-12-13,M,USA,California,5,60,C1398,3,926545.71,308848.57,True,False,True,False,True,8,9,0
C1399,Lauren,Evans,1978-08-23,F,Canada,British Columbia,5,48,C1399,4,1259614.96,314903.74,True,False,False,False,False,5,2,1
C1400,Maria,Jones,1991-10-24,F,UK,Northern Ireland,4,35,C1400,4,1146194.54,286548.635,True,False,False,True,False,31,8,3
C1401,Virginia,Brooks,1999-03-24,F,USA,Virginia,1,27,C1401,4,1223523.71,305880.9275,True,True,False,False,True,50,9,3
C1402,Helen,Jordan,1968-09-28,F,USA,Utah,3,58,C1402,4,1394159.93,348539.9825,True,False,False,False,False,48,9,3
C1403,Pamela,Scott,1983-09-22,F,USA,Oregon,2,43,C1403,4,1463350.69,365837.6725,True,False,False,False,True,37,9,3
C1404,Sharon,Williams,1950-07-22,F,USA,California,4,76,C1404,4,1193678.04,298419.51,True,False,False,False,False,8,9,0
C1405,Ryan,Williams,1955-06-08,M,USA,Oregon,5,71,C1405,3,1306722.3599999999,435574.11999999994,True,False,False,False,False,37,9,2
C1406,Sara,Wood,1970-09-01,F,USA,California,3,56,C1406,4,1364413.45,341103.3625,True,False,False,False,True,8,9,0
C1407,Sharon,Hansen,1956-03-22,F,USA,California,1,70,C1407,4,1429717.0899999999,357429.27249999996,True,False,False,False,False,8,9,0
C1408,Grandis,Co,1963-11-13,F,USA,California,2,63,C1408,4,1345035.74,336258.935,False,False,False,False,False,8,9,0
C1409,Katherine,Price,1957-08-01,F,USA,Oregon,2,69,C1409,3,1072801.12,357600.37333333335,True,True,False,False,True,37,9,3
C1410,Jennifer,Edwards,1965-12-16,F,USA,Nevada,2,61,C1410,4,1439196.49,359799.1225,True,False,False,False,False,25,9,2
C1411,Anthony,Watson,1987-04-04,M,USA,California,2,39,C1411,4,1318823.1600000001,329705.79000000004,True,False,False,True,False,8,9,0
C1412,Optima,Co,1985-06-28,F,USA,Nevada,2,41,C1412,4,1498125.2,374531.3,False,False,False,False,False,25,9,2
C1413,Margaret,Rogers,1968-09-18,F,USA,California,4,58,C1413,4,1489065.1600000001,372266.29000000004,True,False,False,False,False,8,9,2
C1414,Michelle,Wright,1975-05-01,F,USA,Florida,4,51,C1414,4,1188718.7,297179.675,True,False,False,False,True,14,9,0
C1415,Tyler,Murray,1959-07-14,M,USA,California,1,67,C1415,3,748797.26,249599.08666666667,True,True,False,False,True,8,9,0
C1416,Bryan,Peterson,1954-07-01,M,USA,Oregon,2,72,C1416,3,1418066.3900000001,472688.7966666667,True,False,False,False,False,37,9,2
C1417,Dennis,Williams,1953-10-26,M,UK,Scotland,5,73,C1417,3,1023021.48,341007.16,True,False,False,False,True,43,8,3
C1418,Kyle,Cox,1954-04-06,M,USA,Ohio,2,72,C1418,3,1443234.8900000001,481078.2966666667,True,True,False,False,True,35,9,2
C1419,Jason,Peterson,1971-08-08,M,Germany,Hamburg,4,55,C1419,4,1143605.72,285901.43,True,True,True,False,True,16,5,1
C1420,Terova,Co,1981-10-20,M,UK,Wales,5,45,C1420,4,1196856.69,299214.1725,False,False,False,False,True,51,8,3
C1421,James,Jones,1957-11-14,M,USA,Colorado,1,69,C1421,3,938557.1900000001,312852.39666666667,True,False,False,False,True,11,9,0
C1422,Billy,Hansen,1955-01-15,M,USA,Florida,1,71,C1422,4,2032565.11,508141.2775,True,True,True,False,True,14,9,2
C1423,Jack,Brooks,1955-09-21,M,UK,Northern Ireland,4,71,C1423,4,1822778.3599999999,455694.58999999997,True,False,True,False,True,31,8,2
C1424,Judy,Harris,1954-03-12,F,USA,Utah,2,72,C1424,3,1382756.57,460918.8566666667,True,False,True,False,False,48,9,3
C1425,Raymond,Taylor,1971-12-16,M,Belgium,Flanders,3,55,C1425,3,1449563.3199999998,483187.77333333326,True,False,False,False,True,13,1,1
C1426,Christina,Campbell,1964-05-20,F,USA,Washington,2,62,C1426,4,1709098.18,427274.545,True,False,False,False,True,53,9,3
C1427,Julia,Richardson,1955-05-10,F,Australia,Victoria,5,71,C1427,4,1378636.21,344659.0525,True,False,False,False,True,49,0,1
C1428,Nicole,Allen,1953-12-05,F,USA,Oregon,4,73,C1428,4,1136052.54,284013.135,True,False,True,False,False,37,9,3
C1429,Jesse,Stewart,1991-10-01,M,USA,Nevada,5,35,C1429,4,1697550.01,424387.5025,True,True,False,False,False,25,9,2
C1430,Patrick,Allen,1963-09-11,M,USA,Nevada,4,63,C1430,3,928463.2,309487.73333333334,True,False,False,False,True,25,9,0
C1431,Melissa,Griffin,1943-07-01,F,Germany,Hesse,3,83,C1431,4,1620159.73,405039.9325,True,False,True,False,True,17,5,2
C1432,Larry,Weaver,1951-12-26,M,USA,Utah,3,75,C1432,3,863383.74,287794.58,True,False,False,False,False,48,9,3
C1433,Christian,Mitchell,1953-04-12,M,Germany,Hamburg,4,73,C1433,3,1358111.0699999998,452703.68999999994,True,False,False,False,True,16,5,2
C1434,Terova,Co,1985-06-25,F,USA,California,5,41,C1434,4,1038640.05,259660.0125,False,True,False,False,False,8,9,0
C1435,Zachary,Morales,1967-04-08,M,USA,Texas,2,59,C1435,3,903765.87,301255.29,True,True,False,False,False,47,9,3
C1436,Kyle,Wright,1998-10-09,M,USA,California,2,28,C1436,3,969917.19,323305.73,True,False,False,False,True,8,9,0
C1437,Gerald,Stewart,1997-04-08,M,USA,Arizona,5,29,C1437,4,1668948.58,417237.145,True,True,False,False,False,1,9,2
C1438,Benjamin,Taylor,1988-08-04,M,USA,California,2,38,C1438,3,1255115.0,418371.6666666667,True,False,True,False,False,8,9,2
C1439,Helen,Morales,2000-10-14,F,USA,Virginia,2,26,C1439,3,1040682.81,346894.27,True,False,False,False,False,50,9,3
C1440,Mary,Phillips,1952-07-20,F,USA,Colorado,2,74,C1440,3,901013.4199999999,300337.80666666664,True,True,False,False,False,11,9,0
C1441,Helen,Campbell,1945-09-08,F,USA,California,5,81,C1441,3,1201777.78,400592.5933333333,True,True,False,False,True,8,9,2
C1442,Timothy,Foster,2000-06-17,M,USA,Colorado,2,26,C1442,3,1007348.75,335782.9166666667,True,False,True,True,False,11,9,0
C1443,Betty,Hughes,1979-11-22,F,USA,Florida,2,47,C1443,3,1045348.1100000001,348449.37000000005,True,False,False,False,True,14,9,0
C1444,Frank,Alexander,1981-06-25,M,USA,Colorado,3,45,C1444,3,1089631.7,363210.56666666665,True,False,False,False,True,11,9,0
C1445,Gregory,Hall,1988-07-26,M,USA,Florida,5,38,C1445,4,1249138.91,312284.7275,True,False,False,False,True,14,9,0
C1446,Amber,Gray,1951-12-09,F,USA,Ohio,4,75,C1446,4,1550820.49,387705.1225,True,False,False,False,True,35,9,2
C1447,Janet,Rogers,1972-05-14,F,USA,Nevada,4,54,C1447,4,1372408.9,343102.225,True,True,True,True,False,25,9,2
C1448,Henry,Ward,1959-03-15,M,Russia,Tatarstan,1,67,C1448,4,1221304.62,305326.155,True,False,False,False,True,46,7,3
C1449,Nicole,Cox,1999-06-14,F,USA,California,5,27,C1449,3,1110557.49,370185.83,True,True,False,False,True,8,9,2
C1450,Pamela,White,1996-04-06,F,USA,Virginia,5,30,C1450,3,1028509.6,342836.5333333333,True,False,False,False,True,50,9,3
C1451,Hannah,Turner,1983-10-19,F,USA,California,1,43,C1451,4,1529673.3199999998,382418.32999999996,True,False,False,False,True,8,9,2
C1452,Kelly,Edwards,1993-08-05,F,Belgium,Wallonia,3,33,C1452,3,1320005.77,440001.92333333334,True,False,False,True,False,52,1,1
C1453,Kenneth,Stone,1981-10-07,M,USA,California,2,45,C1453,3,1145044.9,381681.6333333333,True,False,False,False,False,8,9,0
C1454,Ann,Kim,1948-05-23,F,USA,California,1,78,C1454,3,1188825.44,396275.14666666667,True,True,False,True,False,8,9,0
C1455,Christina,Nelson,1989-06-15,F,USA,Colorado,3,37,C1455,3,985992.4299999999,328664.1433333333,True,False,True,False,False,11,9,0
C1456,Quasar,Co,1992-06-26,F,USA,Oregon,1,34,C1456,4,1598853.55,399713.3875,False,True,True,False,True,37,9,2
C1457,Julie,Foster,1949-01-27,F,USA,California,3,77,C1457,4,1537205.06,384301.265,True,False,True,False,False,8,9,2
C1458,Keith,Reed,1950-09-16,M,USA,Arizona,1,76,C1458,3,917921.54,305973.8466666667,True,False,False,False,True,1,9,0
C1459,Terry,Hall,1949-09-28,M,USA,Arizona,5,77,C1459,4,1556253.48,389063.37,True,False,False,False,True,1,9,2
C1460,Pamela,Long,1972-12-05,F,UK,England,1,54,C1460,4,1569390.69,392347.6725,True,False,True,False,False,12,8,2
C1461,Gloria,Reyes,1944-01-13,F,USA,California,5,82,C1461,4,1507966.87,376991.7175,True,False,False,False,True,8,9,2
C1462,Virginia,Allen,1984-04-19,F,Germany,Hamburg,3,42,C1462,4,1220331.12,305082.78,True,True,False,False,False,16,5,1
C1463,Lawrence,Ward,1943-12-28,M,USA,California,2,83,C1463,4,1639044.0,409761.0,True,False,True,False,True,8,9,2
C1464,Terry,Weaver,1940-01-25,M,USA,Arizona,1,86,C1464,3,1094818.68,364939.56,True,False,False,False,True,1,9,0
C1465,Edward,Stewart,1990-07-09,M,USA,Ohio,3,36,C1465,3,1312191.47,437397.1566666667,True,False,True,False,True,35,9,2
C1466,Ashley,Howard,1999-08-28,F,Belgium,Flanders,2,27,C1466,4,1387827.15,346956.7875,True,True,False,False,True,13,1,1
C1467,Rebecca,Adams,1951-07-19,F,USA,California,5,75,C1467,3,761353.26,253784.42,True,False,False,True,False,8,9,0
C1468,Jason,Martin,1940-08-24,M,Canada,Manitoba,3,86,C1468,3,1072452.07,357484.0233333334,True,False,False,False,True,22,2,1
C1469,Keith,Richardson,1970-05-17,M,USA,Colorado,1,56,C1469,3,1512121.6400000001,504040.5466666667,True,False,False,False,True,11,9,2
C1470,Alexander,Richardson,1940-05-27,M,USA,Colorado,3,86,C1470,3,1440682.21,480227.4033333333,True,True,True,False,False,11,9,2
C1471,Judith,Williams,1940-05-24,F,UK,Northern Ireland,1,86,C1471,4,1048588.76,262147.19,True,False,True,False,True,31,8,0
C1472,Paul,Flores,1991-03-23,M,USA,Washington,1,35,C1472,4,1610320.87,402580.2175,True,False,False,False,True,53,9,3
C1473,Maria,Freeman,1974-03-14,F,USA,California,2,52,C1473,4,1415300.74,353825.185,True,False,False,False,False,8,9,2
C1474,Kevin,Brown,1969-04-10,M,USA,Oregon,3,57,C1474,4,1563434.47,390858.6175,True,False,False,False,True,37,9,2
C1475,Raymond,Brown,1944-08-02,M,Mexico,Jalisco,4,82,C1475,4,1579186.25,394796.5625,True,False,True,False,False,19,6,2
C1476,Kevin,Jackson,2000-06-08,M,USA,Nevada,1,26,C1476,4,1505369.42,376342.355,True,False,False,False,False,25,9,2
C1477,Zynex,Co,1968-04-10,F,USA,California,1,58,C1477,4,1051466.92,262866.73,False,True,False,False,False,8,9,0
C1478,Emily,Reed,1958-09-12,F,Canada,British Columbia,1,68,C1478,3,965772.74,321924.24666666664,True,True,False,False,False,5,2,1
C1479,Paul,Carter,1968-03-26,M,USA,California,1,58,C1479,4,1275455.51,318863.8775,True,True,False,False,True,8,9,0
C1480,Danielle,White,1985-04-09,F,USA,Virginia,3,41,C1480,4,1466467.79,366616.9475,True,True,False,True,False,50,9,3
C1481,Caldera,Co,1984-12-04,F,USA,Arizona,3,42,C1481,4,1059700.8800000001,264925.22000000003,False,True,False,False,True,1,9,0
C1482,Kimberly,Murray,1953-01-24,F,USA,Oregon,2,73,C1482,4,1665015.1700000002,416253.79250000004,True,False,True,False,True,37,9,2
C1483,Gary,Hall,1975-06-01,M,USA,Colorado,3,51,C1483,4,1831769.62,457942.405,True,False,True,False,False,11,9,2
C1484,Christina,Nelson,1971-10-09,F,USA,Colorado,3,55,C1484,4,1117191.81,279297.9525,True,False,False,True,False,11,9,0
C1485,Rachel,Scott,1984-06-26,F,USA,Washington,4,42,C1485,4,1604885.52,401221.38,True,True,False,False,True,53,9,3
C1486,Madison,Campbell,1996-06-14,F,UK,Wales,5,30,C1486,3,1019385.69,339795.23,True,False,True,False,True,51,8,3
C1487,Sandra,Martin,1965-12-10,F,USA,New York,3,61,C1487,4,1553533.51,388383.3775,True,False,False,False,False,27,9,2
C1488,Keith,Scott,1975-09-07,M,USA,Florida,2,51,C1488,3,1029238.79,343079.5966666667,True,True,False,False,True,14,9,0
C1489,Gloria,Montgomery,1951-03-19,F,USA,Arizona,5,75,C1489,3,1056549.47,352183.1566666667,True,False,False,False,False,1,9,0
C1490,Dennis,Hall,1994-11-06,M,UK,Wales,5,32,C1490,3,861119.76,287039.92,True,True,True,True,False,51,8,3
C1491,Rebecca,Evans,1997-07-10,F,USA,Georgia,4,29,C1491,4,1056750.03,264187.5075,True,False,False,False,False,15,9,0
C1492,Mary,Taylor,1984-12-18,F,Germany,Bavaria,2,42,C1492,3,1309655.49,436551.83,True,False,False,False,False,3,5,2
C1493,Thomas,Bennett,1992-03-16,M,USA,Washington,4,34,C1493,3,864605.61,288201.87,True,False,True,False,False,53,9,3
C1494,Nicholas,Cooper,1996-04-09,M,USA,New York,1,30,C1494,3,913338.07,304446.0233333333,True,False,False,True,False,27,9,0
C1495,Jason,Hughes,1991-11-09,M,Denmark,Capital Region,1,35,C1495,4,2059292.68,514823.17,True,False,False,False,True,9,3,2
C1496,Bryan,Patterson,1986-11-15,M,USA,Florida,5,40,C1496,3,1119013.6099999999,373004.5366666666,True,False,False,False,False,14,9,2
C1497,Samuel,Parker,1940-01-13,M,USA,California,4,86,C1497,3,794765.34,264921.77999999997,True,True,False,False,False,8,9,0
C1498,Nicole,Carter,1967-02-03,F,Mexico,Puebla,5,59,C1498,4,1142631.83,285657.9575,True,True,False,False,True,39,6,3
C1499,Lauren,Gray,1997-11-04,F,Russia,Saint Petersburg,3,29,C1499,3,1321905.54,440635.18,True,False,True,False,False,42,7,3
C1500,Shirley,Ward,1995-01-04,F,Australia,Victoria,2,31,C1500,4,1020299.92,255074.98,True,False,False,False,False,49,0,1
C1501,Brenda,White,1951-12-16,F,USA,Oregon,4,75,C1501,3,761279.08,253759.69333333333,True,True,False,False,False,37,9,3
C1502,Elizabeth,Weaver,1994-10-27,F,UK,Wales,5,32,C1502,4,1045772.34,261443.085,True,False,True,False,True,51,8,3
C1503,Triton,Co,1986-08-21,M,USA,Arizona,5,40,C1503,4,1299971.48,324992.87,False,True,False,False,True,1,9,0
C1504,Patrick,Hughes,1946-08-19,M,USA,California,4,80,C1504,3,871805.96,290601.98666666663,True,False,False,False,True,8,9,0
C1505,William,Cook,1994-05-14,M,USA,Virginia,3,32,C1505,4,1012922.06,253230.515,True,False,False,False,False,50,9,3
C1506,Larry,Price,1950-01-11,M,USA,Utah,3,76,C1506,3,1010109.4,336703.13333333336,True,True,False,False,True,48,9,3
C1507,Joyce,Cooper,1951-03-28,F,USA,Florida,3,75,C1507,4,1499666.44,374916.61,True,False,False,False,False,14,9,2
C1508,Benjamin,Morris,1994-12-03,M,UK,Scotland,3,32,C1508,4,965283.79,241320.9475,True,False,False,False,False,43,8,3
C1509,Rebecca,Campbell,1946-12-16,F,USA,California,3,80,C1509,4,1821912.8699999999,455478.21749999997,True,False,False,False,True,8,9,2
C1510,Altira,Co,1962-12-01,M,USA,California,5,64,C1510,3,804243.22,268081.0733333333,False,False,False,False,False,8,9,0
C1511,Ann,Hansen,1989-07-20,F,France,Provence,2,37,C1511,3,1093080.8599999999,364360.2866666666,True,False,True,False,True,38,4,1
C1512,Anna,Young,1955-06-18,F,USA,Nevada,4,71,C1512,4,1209056.95,302264.2375,True,False,True,True,False,25,9,0
C1513,Danielle,Morales,1995-06-08,F,USA,Florida,2,31,C1513,3,1452266.37,484088.79000000004,True,False,False,False,True,14,9,2
C1514,Linda,Bryant,1986-12-08,F,USA,New York,4,40,C1514,3,1211908.53,403969.51,True,False,False,False,True,27,9,2
C1515,Angela,Williams,1946-10-16,F,USA,Nevada,5,80,C1515,4,1433703.52,358425.88,True,True,False,False,True,25,9,2
C1516,Grace,Wood,1953-05-23,F,USA,Texas,4,73,C1516,3,690456.91,230152.30333333334,True,False,False,False,True,47,9,3
C1517,Benjamin,Chavez,1978-02-23,M,USA,California,2,48,C1517,4,1328693.42,332173.355,True,True,False,False,False,8,9,0
C1518,Teresa,Rogers,1994-10-08,F,Australia,Victoria,5,32,C1518,4,961942.8799999999,240485.71999999997,True,False,True,False,False,49,0,1
C1519,Kyle,Freeman,1972-08-19,M,USA,California,1,54,C1519,4,1366990.1300000001,341747.53250000003,True,False,False,False,False,8,9,0
C1520,Patrick,Griffin,1945-12-05,M,USA,Utah,1,81,C1520,4,1425469.02,356367.255,True,False,False,False,True,48,9,3
C1521,Bryan,Foster,1973-12-25,M,USA,Nevada,4,53,C1521,3,913579.4099999999,304526.47,True,False,False,False,False,25,9,0
C1522,Debra,Mitchell,1964-09-14,F,USA,Washington,5,62,C1522,4,1598304.98,399576.245,True,False,False,False,True,53,9,3
C1523,Horizon,Co,1981-07-22,M,Australia,Victoria,3,45,C1523,4,1652083.92,413020.98,False,True,False,False,True,49,0,1
C1524,Jordan,Wilson,1967-07-24,M,USA,Virginia,2,59,C1524,4,1434208.3,358552.075,True,False,False,True,False,50,9,3
C1525,Timothy,Brown,1959-08-24,M,USA,California,1,67,C1525,3,1336757.18,445585.7266666666,True,False,False,False,False,8,9,2
C1526,Victoria,Howard,1956-08-05,F,USA,California,3,70,C1526,3,1429330.15,476443.3833333333,True,False,False,False,True,8,9,2
C1527,Martha,Thomas,1989-05-13,F,USA,California,1,37,C1527,3,993447.0599999999,331149.01999999996,True,False,False,False,False,8,9,0
C1528,Jennifer,Weaver,1997-09-02,F,Germany,Hamburg,1,29,C1528,3,1058452.68,352817.56,True,False,True,False,True,16,5,1
C1529,Helios,Co,1989-04-19,M,USA,California,4,37,C1529,4,1614522.9000000001,403630.72500000003,False,False,False,False,True,8,9,2
C1530,Sarah,Wright,1988-11-20,F,USA,California,2,38,C1530,3,1011087.75,337029.25,True,False,False,False,True,8,9,0
C1531,Bryan,Cox,1964-03-15,M,France,Brittany,2,62,C1531,4,1272471.05,318117.7625,True,True,False,False,True,6,4,1
C1532,Linda,Freeman,1998-09-26,F,USA,Texas,3,28,C1532,4,1446462.79,361615.6975,True,False,True,False,True,47,9,3
C1533,Anthony,Bryant,1988-10-05,M,Canada,British Columbia,4,38,C1533,4,1019127.09,254781.7725,True,False,False,False,False,5,2,1
C1534,Sandra,Pierce,1996-06-08,F,USA,California,4,30,C1534,3,1195359.88,398453.2933333333,True,False,True,False,True,8,9,2
C1535,Jeremy,Stone,1994-09-03,M,UK,England,3,32,C1535,4,1967005.46,491751.365,True,True,False,False,False,12,8,2
C1536,Sara,Baker,1982-06-05,F,USA,Washington,3,44,C1536,3,1076884.84,358961.61333333334,True,False,False,False,True,53,9,3
C1537,Lisa,Foster,1999-08-04,F,USA,Arizona,5,27,C1537,3,1637300.4100000001,545766.8033333333,True,False,False,False,True,1,9,2
C1538,Jessica,Kim,1947-01-07,F,USA,California,5,79,C1538,3,775544.78,258514.92666666667,True,True,False,False,True,8,9,0
C1539,Terry,Brown,1997-05-13,M,USA,Nevada,1,29,C1539,3,811448.36,270482.7866666667,True,False,False,False,False,25,9,0
C1540,Roger,Cox,1957-12-02,M,USA,California,2,69,C1540,3,842510.7,280836.89999999997,True,False,True,True,False,8,9,0
C1541,Carl,Adams,1964-11-20,M,USA,California,2,62,C1541,4,1173616.46,293404.115,True,False,False,False,True,8,9,0
C1542,Gary,Cook,1989-07-27,M,USA,Nevada,1,37,C1542,3,1261648.92,420549.63999999996,True,False,True,False,True,25,9,2
C1543,Virginia,Peterson,1955-11-10,F,USA,New York,3,71,C1543,3,1199490.31,399830.10333333333,True,True,False,False,False,27,9,2
C1544,Heather,Evans,1947-04-27,F,Russia,Tatarstan,3,79,C1544,3,1551623.3,517207.76666666666,True,False,False,False,True,46,7,2
C1545,Elizabeth,Price,1992-11-23,F,USA,California,1,34,C1545,3,1101811.15,367270.3833333333,True,True,True,False,True,8,9,0
C1546,Sarah,Scott,1966-06-06,F,Mexico,Puebla,4,60,C1546,4,1161022.51,290255.6275,True,False,True,False,False,39,6,3
C1547,Margaret,Martin,1975-04-03,F,USA,Florida,2,51,C1547,4,1199337.46,299834.365,True,False,True,False,False,14,9,0
C1548,Telnox,Co,1967-12-26,M,USA,California,2,59,C1548,3,615223.03,205074.34333333335,False,False,True,False,True,8,9,0
C1549,Gary,Reyes,1961-06-15,M,Mexico,Nuevo Leon,4,65,C1549,3,837044.35,279014.7833333333,True,False,False,True,False,33,6,3
C1550,Jason,Rogers,1998-10-01,M,USA,California,2,28,C1550,4,1368767.79,342191.9475,True,False,False,False,False,8,9,0
C1551,Aaron,Howard,1991-05-17,M,USA,California,2,35,C1551,3,1252240.69,417413.5633333333,True,False,False,False,False,8,9,2
C1552,Peter,Wilson,1947-04-20,M,USA,California,2,79,C1552,4,1356450.7000000002,339112.67500000005,True,True,True,False,False,8,9,0
C1553,Horizon,Co,1990-03-27,M,USA,Utah,4,36,C1553,3,979536.36,326512.12,False,False,False,False,False,48,9,3
C1554,Gregory,Cox,1998-03-04,M,Germany,Bavaria,1,28,C1554,3,742034.24,247344.74666666667,True,False,False,False,True,3,5,0
C1555,Julia,Martin,1946-04-25,F,UK,England,5,80,C1555,4,1233852.38,308463.095,True,False,False,False,True,12,8,0
C1556,Grace,Wood,1982-11-20,F,USA,Colorado,2,44,C1556,4,1215734.71,303933.6775,True,True,False,False,False,11,9,0
C1557,Joan,Griffin,1942-03-15,F,USA,New York,2,84,C1557,3,955054.1799999999,318351.3933333333,True,False,True,False,True,27,9,0
C1558,Tyler,Phillips,1944-03-12,M,Mexico,Baja California,4,82,C1558,3,1482069.56,494023.1866666667,True,False,False,False,True,2,6,2
C1559,Sara,Mitchell,1975-03-27,F,UK,England,2,51,C1559,3,1345808.87,448602.9566666667,True,False,False,False,True,12,8,2
C1560,Christina,Hughes,1940-07-15,F,USA,California,4,86,C1560,3,1052677.5699999998,350892.52333333326,True,False,True,True,False,8,9,0
C1561,Jeffrey,Green,1964-04-28,M,Mexico,Nuevo Leon,5,62,C1561,3,1135294.51,378431.50333333336,True,True,False,False,False,33,6,3
C1562,Maria,Morris,1987-07-05,F,USA,California,4,39,C1562,3,1179775.32,393258.44,True,False,False,True,False,8,9,2
C1563,Susan,Baker,1987-06-18,F,USA,Utah,5,39,C1563,3,979729.05,326576.35000000003,True,False,False,False,True,48,9,3
C1564,Jason,Wood,1964-11-06,M,USA,Washington,5,62,C1564,3,1595925.43,531975.1433333333,True,True,False,False,True,53,9,2
C1565,Kenneth,Bennett,1980-08-08,M,Mexico,Jalisco,4,46,C1565,4,1140899.22,285224.805,True,False,False,False,False,19,6,0
C1566,Anthony,Wilson,1995-01-01,M,USA,California,3,31,C1566,4,1450240.65,362560.1625,True,False,False,False,True,8,9,2
C1567,Frank,Wilson,1977-10-11,M,USA,Georgia,4,49,C1567,4,1594452.6199999999,398613.15499999997,True,False,False,True,False,15,9,2
C1568,Betty,Owens,1990-03-06,F,USA,California,5,36,C1568,3,1373808.0899999999,457936.02999999997,True,False,False,False,True,8,9,2
C1569,Pamela,Turner,1993-11-05,F,USA,California,1,33,C1569,3,1175242.5499999998,391747.5166666666,True,True,True,False,True,8,9,0
C1570,Amanda,Williams,1963-12-27,F,USA,Ohio,5,63,C1570,4,1469638.4,367409.6,True,False,False,False,True,35,9,2
C1571,Ethan,Morales,1978-06-03,M,USA,California,2,48,C1571,4,1243439.96,310859.99,True,False,False,False,True,8,9,0
C1572,Donald,Baker,1960-06-10,M,Australia,Queensland,3,66,C1572,4,886149.52,221537.38,True,False,False,False,False,41,0,1
C1573,Amanda,Richardson,1946-05-07,F,USA,California,1,80,C1573,4,1175839.94,293959.985,True,False,False,False,True,8,9,0
C1574,Gary,Morris,1984-08-14,M,USA,California,4,42,C1574,3,1195224.9,398408.3,True,False,False,False,True,8,9,2
C1575,Paul,Freeman,2000-12-19,M,USA,California,2,26,C1575,4,1395067.1600000001,348766.79000000004,True,False,False,False,True,8,9,2
C1576,Heather,Cook,1977-09-28,F,USA,Nevada,3,49,C1576,4,1359536.24,339884.06,True,True,True,False,True,25,9,2
C1577,Ethan,Edwards,1983-02-15,M,Germany,Bavaria,3,43,C1577,3,1427933.58,475977.86000000004,True,False,False,False,True,3,5,2
C1578,Mark,Turner,1996-03-12,M,USA,California,2,30,C1578,3,765431.01,255143.67,True,True,False,False,True,8,9,0
C1579,Robert,Bell,1945-10-03,M,USA,Arizona,4,81,C1579,4,1101753.5899999999,275438.39749999996,True,True,False,False,True,1,9,0
C1580,Jordan,Martin,1997-12-05,M,USA,Georgia,1,29,C1580,4,1008834.66,252208.665,True,True,True,False,True,15,9,0
C1581,James,Reyes,1950-11-08,M,USA,California,1,76,C1581,3,1123364.22,374454.74,True,True,False,False,True,8,9,0
C1582,Harold,Baker,1955-08-20,M,France,Ile-de-France,4,71,C1582,3,1030269.01,343423.00333333336,True,False,True,True,False,18,4,1
C1583,Peter,Scott,1968-01-03,M,USA,California,2,58,C1583,4,1378030.61,344507.6525,True,False,False,False,False,8,9,0
C1584,Nexus,Co,1985-08-12,M,France,Brittany,1,41,C1584,3,1199226.44,399742.14666666667,False,True,True,False,True,6,4,1
C1585,Kevin,Watson,1960-10-10,M,Canada,Ontario,5,66,C1585,4,1480011.91,370002.9775,True,False,False,False,True,36,2,1
C1586,Carolyn,Roberts,1967-01-21,F,Germany,Berlin,3,59,C1586,3,1116579.83,372193.2766666667,True,False,False,False,True,4,5,1
C1587,Carl,Cooper,1943-12-02,M,Canada,Quebec,4,83,C1587,3,743057.13,247685.71,True,True,True,False,False,40,2,1
C1588,Patricia,Thomas,1980-10-25,F,USA,Utah,5,46,C1588,3,957201.31,319067.10333333333,True,True,False,False,True,48,9,3
C1589,Christina,Ward,1953-08-12,F,USA,California,4,73,C1589,3,1380536.7000000002,460178.9000000001,True,True,False,False,False,8,9,2
C1590,Elara,Co,1979-06-19,F,USA,Oregon,1,47,C1590,4,1470403.6,367600.9,False,False,False,False,True,37,9,3
C1591,Christine,Brooks,1971-08-15,F,USA,California,4,55,C1591,4,1676312.98,419078.245,True,True,False,False,True,8,9,2
C1592,Heather,Allen,1975-06-01,F,USA,Texas,2,51,C1592,4,878452.1900000001,219613.04750000002,True,True,True,False,False,47,9,3
C1593,Anthony,Williams,1975-08-05,M,USA,California,1,51,C1593,4,825960.49,206490.1225,True,False,False,False,True,8,9,0
C1594,Kathleen,Green,1969-10-24,F,USA,Colorado,2,57,C1594,4,1522994.53,380748.6325,True,False,False,False,False,11,9,2
C1595,Charles,Reed,1955-08-20,M,USA,California,5,71,C1595,4,1310147.8599999999,327536.96499999997,True,False,False,False,True,8,9,0
C1596,Frank,Hall,1979-11-10,M,Germany,Berlin,4,47,C1596,3,1642954.44,547651.48,True,True,False,False,True,4,5,2
C1597,Rachel,Cox,1949-12-28,F,USA,Nevada,4,77,C1597,4,1155778.2,288944.55,True,True,True,False,True,25,9,0
C1598,Angela,Adams,1940-06-23,F,USA,Georgia,4,86,C1598,3,1163931.67,387977.2233333333,True,False,True,False,False,15,9,2
C1599,Stephanie,Thompson,1980-11-19,F,USA,Virginia,5,46,C1599,3,1321031.17,440343.7233333333,True,True,True,False,True,50,9,3
C1600,Jennifer,Rogers,1968-02-13,F,Belgium,Wallonia,5,58,C1600,4,1237164.36,309291.09,True,False,False,False,True,52,1,1
C1601,Tiffany,Parker,1996-08-13,F,Russia,Krasnodar Krai,3,30,C1601,3,829078.01,276359.33666666667,True,False,False,False,True,21,7,0
C1602,Harold,Turner,1986-11-01,M,USA,Nevada,4,40,C1602,4,1676863.99,419215.9975,True,True,False,False,True,25,9,2
C1603,Hannah,Rogers,1962-09-07,F,UK,England,5,64,C1603,4,1077719.71,269429.9275,True,False,False,False,True,12,8,0
C1604,Ronald,Kim,1949-09-10,M,USA,Texas,4,77,C1604,3,1050264.24,350088.08,True,False,False,False,True,47,9,3
C1605,Joshua,Collins,1999-01-21,M,UK,England,4,27,C1605,4,1170783.34,292695.835,True,True,True,False,True,12,8,0
C1606,Zachary,Howard,1965-03-20,M,USA,Washington,1,61,C1606,3,917562.71,305854.23666666663,True,False,True,False,False,53,9,3
C1607,Emma,Hall,1963-03-11,F,USA,California,3,63,C1607,3,829294.5700000001,276431.5233333334,True,False,False,False,False,8,9,0
C1608,Heather,Pierce,1999-11-14,F,UK,England,4,27,C1608,3,1431381.65,477127.2166666666,True,False,True,False,True,12,8,2
C1609,Justin,Reed,1964-10-02,M,USA,California,2,62,C1609,3,804844.43,268281.4766666667,True,True,False,False,True,8,9,0
C1610,Kenneth,White,1967-03-23,M,USA,California,3,59,C1610,4,1249167.74,312291.935,True,True,False,False,True,8,9,0
C1611,Sarah,Bryant,1975-09-02,F,USA,Nevada,4,51,C1611,4,1072189.52,268047.38,True,True,False,False,True,25,9,0
C1612,Jason,Price,1990-02-25,M,USA,California,1,36,C1612,3,766554.56,255518.18666666668,True,False,False,False,False,8,9,0
C1613,Ryan,Griffin,1998-01-08,M,Denmark,Southern Denmark,2,28,C1613,4,1608368.22,402092.055,True,False,True,False,False,45,3,1
C1614,Julie,Williams,1968-05-16,F,USA,Utah,4,58,C1614,3,822155.05,274051.68333333335,True,True,False,False,True,48,9,3
C1615,Jason,Mitchell,1963-08-01,M,USA,Utah,5,63,C1615,3,857125.52,285708.50666666665,True,False,False,False,False,48,9,3
C1616,Aaron,Nelson,1991-09-01,M,UK,Wales,5,35,C1616,4,1344053.71,336013.4275,True,True,True,False,True,51,8,3
C1617,Michelle,Baker,1952-10-09,F,USA,California,3,74,C1617,3,776005.5,258668.5,True,False,False,False,True,8,9,0
C1618,Linda,Price,1962-11-22,F,USA,Washington,2,64,C1618,4,1356655.6800000002,339163.92000000004,True,False,True,False,True,53,9,3
C1619,Jason,Baker,1952-10-24,M,Belgium,Wallonia,2,74,C1619,4,1390206.46,347551.615,True,False,False,False,True,52,1,1
C1620,Jacob,Morales,1944-05-07,M,USA,California,1,82,C1620,3,788250.3500000001,262750.1166666667,True,False,True,False,True,8,9,0
C1621,Carl,Wood,1954-06-15,M,USA,Oregon,2,72,C1621,3,739739.97,246579.99,True,True,False,False,False,37,9,3
C1622,Angela,Taylor,1961-02-01,F,USA,Oregon,1,65,C1622,3,1054193.3599999999,351397.7866666666,True,False,True,False,True,37,9,3
C1623,Julia,Hall,1994-01-12,F,USA,Oregon,4,32,C1623,3,1060233.46,353411.1533333333,True,False,False,False,True,37,9,3
C1624,Jennifer,Stewart,1951-01-04,F,USA,California,4,75,C1624,4,1943363.94,485840.985,True,False,True,False,True,8,9,2
C1625,Harold,Wright,2000-02-03,M,Australia,Western Australia,4,26,C1625,3,910587.85,303529.2833333333,True,False,False,False,False,54,0,1
C1626,Jennifer,Morales,1970-02-24,F,France,Provence,2,56,C1626,3,1225657.22,408552.4066666667,True,False,True,False,True,38,4,1
C1627,David,Bryant,1973-08-14,M,USA,California,1,53,C1627,3,1275226.77,425075.59,True,True,False,False,True,8,9,2
C1628,Lumina,Co,1993-10-13,F,France,Normandy,4,33,C1628,3,800299.08,266766.36,False,False,True,False,True,28,4,1
C1629,Stephanie,Roberts,1956-08-26,F,USA,Utah,5,70,C1629,3,789150.05,263050.01666666666,True,False,False,False,False,48,9,3
C1630,Grandis,Co,1994-05-06,F,USA,Virginia,1,32,C1630,3,1206881.92,402293.9733333333,False,True,True,False,True,50,9,3
C1631,Joan,Patterson,1966-03-12,F,UK,Northern Ireland,5,60,C1631,4,1683720.2,420930.05,True,False,False,False,True,31,8,2
C1632,Victoria,Wright,1963-07-12,F,USA,California,3,63,C1632,4,1425130.6800000002,356282.67000000004,True,True,True,False,False,8,9,2
C1633,Sara,Bennett,1977-07-03,F,Canada,Ontario,2,49,C1633,3,847190.3300000001,282396.7766666667,True,False,False,False,True,36,2,1
C1634,Sara,King,1944-01-11,F,USA,Georgia,2,82,C1634,4,1044217.01,261054.2525,True,True,False,False,True,15,9,0
C1635,Lawrence,Moore,1948-04-27,M,France,Brittany,1,78,C1635,4,1104480.44,276120.11,True,False,False,False,True,6,4,1
C1636,Zynex,Co,1987-01-10,F,USA,Arizona,5,39,C1636,3,1171439.72,390479.9066666667,False,False,True,False,True,1,9,2
C1637,Jacob,Cook,1969-02-11,M,Mexico,Nuevo Leon,5,57,C1637,3,1333020.46,444340.1533333333,True,False,False,False,False,33,6,2
C1638,Cynthia,Peterson,1978-12-14,F,France,Occitanie,1,48,C1638,3,1047895.71,349298.57,True,True,True,False,False,34,4,1
C1639,Ronald,Smith,1943-09-26,M,USA,Colorado,1,83,C1639,4,1088561.44,272140.36,True,False,False,False,True,11,9,0
C1640,Helen,Adams,1966-11-04,F,USA,California,1,60,C1640,4,1172146.65,293036.6625,True,False,True,False,True,8,9,0
C1641,Charles,Phillips,1972-02-14,M,USA,Utah,1,54,C1641,4,1898878.08,474719.52,True,False,False,False,False,48,9,2
C1642,Maria,Adams,1981-07-20,F,Canada,British Columbia,5,45,C1642,4,1441785.62,360446.405,True,False,False,False,True,5,2,1
C1643,Carl,Rogers,1978-01-09,M,France,Ile-de-France,4,48,C1643,3,1182889.92,394296.63999999996,True,False,False,False,False,18,4,1
C1644,Megan,Freeman,1944-06-22,F,USA,California,1,82,C1644,4,1312822.17,328205.5425,True,False,False,True,False,8,9,0
C1645,Shirley,Chavez,1995-02-08,F,Australia,New South Wales,1,31,C1645,4,1503973.21,375993.3025,True,True,False,False,True,26,0,1
C1646,Billy,Patterson,1998-06-10,M,USA,Washington,4,28,C1646,3,972186.46,324062.1533333333,True,True,True,False,False,53,9,3
C1647,Paul,Stone,1945-11-25,M,USA,Ohio,4,81,C1647,3,1316368.95,438789.64999999997,True,False,True,False,False,35,9,2
C1648,Julia,Wood,1949-09-21,F,Australia,New South Wales,3,77,C1648,3,1282946.7,427648.89999999997,True,False,False,False,True,26,0,1
C1649,Melissa,Price,1982-03-02,F,USA,Oregon,4,44,C1649,4,1540887.81,385221.9525,True,False,True,False,False,37,9,2
C1650,Edward,Griffin,1969-04-01,M,USA,Washington,2,57,C1650,3,1065238.5,355079.5,True,True,False,False,True,53,9,3
C1651,Ryan,Bell,1945-11-19,M,USA,California,4,81,C1651,3,962066.4199999999,320688.80666666664,True,True,False,False,True,8,9,0
C1652,Paul,Weaver,1964-01-15,M,USA,Nevada,4,62,C1652,3,1078933.8,359644.60000000003,True,True,True,True,False,25,9,3
C1653,Sara,White,1974-08-02,F,USA,Colorado,4,52,C1653,4,957106.48,239276.62,True,True,True,False,True,11,9,0
C1654,Judith,Brooks,1968-04-05,F,USA,California,1,58,C1654,4,1250065.3800000001,312516.34500000003,True,False,False,False,True,8,9,0
C1655,Sara,Cox,1965-05-16,F,USA,Texas,2,61,C1655,3,974749.8,324916.60000000003,True,True,False,False,True,47,9,3
C1656,Jacob,Baker,1991-05-05,M,Belgium,Wallonia,4,35,C1656,4,1401657.84,350414.46,True,True,True,False,True,52,1,1
C1657,Donald,Kim,1958-05-19,M,USA,California,2,68,C1657,4,1316624.69,329156.1725,True,False,False,False,True,8,9,0
C1658,Ronald,Patterson,1970-08-07,M,USA,California,5,56,C1658,4,1243178.6,310794.65,True,False,False,False,False,8,9,0
C1659,Joshua,Thompson,1946-09-05,M,Denmark,Zealand,4,80,C1659,4,1576416.87,394104.2175,True,False,False,False,True,56,3,1
C1660,Henry,Richardson,1940-04-27,M,USA,Nevada,4,86,C1660,4,1330046.48,332511.62,True,False,True,False,True,25,9,0
C1661,Ronald,Cox,1975-08-20,M,USA,Washington,4,51,C1661,3,1511063.27,503687.75666666665,True,False,False,False,False,53,9,2
C1662,Gary,Montgomery,1967-05-16,M,Russia,Tatarstan,4,59,C1662,4,1505862.74,376465.685,True,False,False,False,True,46,7,3
C1663,Joshua,Garcia,1977-05-13,M,USA,Colorado,3,49,C1663,3,926064.21,308688.07,True,True,False,False,False,11,9,0
C1664,Judith,Hayes,1969-07-25,F,France,Occitanie,5,57,C1664,3,1390001.73,463333.91,True,True,False,False,False,34,4,1
C1665,Harold,Bell,1995-12-16,M,USA,Arizona,5,31,C1665,4,966971.19,241742.7975,True,False,False,False,True,1,9,0
C1666,Brenda,Edwards,1962-09-08,F,USA,Ohio,2,64,C1666,3,706503.5900000001,235501.19666666668,True,False,False,False,True,35,9,0
C1667,Stephanie,Cook,1967-11-14,F,USA,California,4,59,C1667,3,831811.52,277270.50666666665,True,True,False,False,False,8,9,0
C1668,Scott,Green,1957-11-12,M,Australia,Victoria,5,69,C1668,4,1046863.21,261715.8025,True,False,False,False,True,49,0,1
C1669,Steven,Collins,1960-04-07,M,Canada,Alberta,3,66,C1669,4,948271.3400000001,237067.83500000002,True,True,True,False,False,0,2,1
C1670,Angela,Watson,1970-12-09,F,USA,Colorado,3,56,C1670,4,1356021.03,339005.2575,True,False,True,False,True,11,9,0
C1671,Ashley,Howard,1948-09-13,F,USA,California,3,78,C1671,4,1329236.75,332309.1875,True,False,False,False,False,8,9,0
C1672,Jacqueline,Morales,1974-04-09,F,USA,Nevada,4,52,C1672,3,728363.1699999999,242787.7233333333,True,True,False,False,True,25,9,0
C1673,Katherine,Martin,1992-03-04,F,USA,Washington,1,34,C1673,4,1803634.76,450908.69,True,False,True,False,True,53,9,2
C1674,Emily,Jackson,1941-12-22,F,USA,California,5,85,C1674,4,1614623.53,403655.8825,True,False,True,False,True,8,9,2
C1675,Emma,Reyes,1985-04-08,F,Canada,Alberta,5,41,C1675,3,918037.6799999999,306012.56,True,True,False,False,True,0,2,1
C1676,Amy,Allen,1999-09-19,F,USA,Washington,2,27,C1676,4,1251637.0,312909.25,True,False,False,False,True,53,9,3
C1677,Kevin,Thomas,1964-12-20,M,USA,Texas,1,62,C1677,3,942915.1799999999,314305.06,True,False,True,False,True,47,9,3
C1678,Gary,Sanders,1961-03-06,M,USA,California,1,65,C1678,3,1377654.29,459218.0966666667,True,False,True,False,False,8,9,2
C1679,Christina,Nelson,1986-02-28,F,USA,Nevada,4,40,C1679,3,1194618.9,398206.3,True,True,False,False,True,25,9,2
C1680,Danielle,Howard,1999-09-25,F,USA,California,4,27,C1680,3,665078.77,221692.92333333334,True,True,False,False,False,8,9,0
C1681,Carl,Alexander,1961-07-27,M,USA,Oregon,3,65,C1681,4,1408304.94,352076.235,True,False,True,True,False,37,9,3
C1682,Amanda,Brooks,1987-04-11,F,USA,Nevada,2,39,C1682,4,1469905.41,367476.3525,True,False,False,False,True,25,9,2
C1683,Amber,Patterson,1999-11-19,F,USA,Oregon,1,27,C1683,4,1410114.6,352528.65,True,True,False,True,False,37,9,3
C1684,Grace,Cooper,1977-07-01,F,USA,Colorado,4,49,C1684,4,1109440.17,277360.0425,True,True,False,False,True,11,9,0
C1685,Kathleen,Parker,1977-05-16,F,USA,California,5,49,C1685,3,1109623.75,369874.5833333333,True,False,False,False,False,8,9,0
C1686,David,Howard,1977-01-25,M,USA,California,2,49,C1686,4,1214377.82,303594.455,True,True,True,False,False,8,9,0
C1687,Eric,Anderson,1967-05-15,M,USA,California,4,59,C1687,4,1026117.62,256529.405,True,False,True,False,True,8,9,0
C1688,Amanda,Flores,1996-04-28,F,USA,Oregon,5,30,C1688,3,1314384.27,438128.09,True,False,False,True,False,37,9,2
C1689,Virginia,King,1985-01-26,F,USA,Oregon,1,41,C1689,3,896100.8,298700.26666666666,True,True,True,True,False,37,9,3
C1690,Terry,Martin,1951-08-18,M,Denmark,North Denmark,2,75,C1690,3,1662639.06,554213.02,True,False,True,False,False,29,3,2
C1691,Robert,Reed,1946-03-25,M,USA,Arizona,5,80,C1691,4,1212731.6,303182.9,True,False,False,False,True,1,9,0
C1692,Joseph,Patterson,1991-03-08,M,Canada,Ontario,5,35,C1692,4,1165619.9100000001,291404.97750000004,True,False,True,False,False,36,2,1
C1693,Donald,Turner,1990-11-20,M,Belgium,Flanders,1,36,C1693,4,1557035.08,389258.77,True,False,False,False,True,13,1,1
C1694,Gloria,Foster,1957-07-18,F,USA,Virginia,5,69,C1694,4,1457395.73,364348.9325,True,False,False,False,False,50,9,3
C1695,Tiffany,Peterson,1955-12-13,F,Belgium,Flanders,5,71,C1695,3,975866.19,325288.73,True,False,False,False,True,13,1,1
C1696,Emily,Jones,1987-02-20,F,USA,Florida,1,39,C1696,4,1316025.35,329006.3375,True,False,False,False,True,14,9,0
C1697,Maria,Brown,1980-08-07,F,Belgium,Brussels,2,46,C1697,4,802813.26,200703.315,True,False,False,True,False,7,1,1
C1698,Zachary,Stone,1950-12-05,M,UK,Northern Ireland,4,76,C1698,3,764529.97,254843.32333333333,True,False,True,False,True,31,8,0
C1699,Peter,Phillips,1969-07-15,M,Australia,Western Australia,3,57,C1699,4,1161971.24,290492.81,True,False,True,False,False,54,0,1
C1700,Nicholas,Young,1943-11-04,M,USA,Nevada,3,83,C1700,4,1293648.37,323412.0925,True,False,False,False,True,25,9,0
C1701,Karen,Montgomery,1982-06-27,F,USA,Arizona,1,44,C1701,3,916043.72,305347.9066666667,True,False,False,False,True,1,9,0
C1702,Frank,Alexander,1990-01-04,M,USA,Washington,5,36,C1702,3,1259181.49,419727.16333333333,True,True,True,False,True,53,9,3
C1703,Gerald,Cox,1999-08-13,M,USA,Texas,4,27,C1703,3,868665.77,289555.25666666665,True,True,False,False,False,47,9,3
C1704,Susan,Flores,1963-02-15,F,Denmark,Capital Region,4,63,C1704,3,1131490.6400000001,377163.5466666667,True,False,False,False,False,9,3,1
C1705,Kenneth,Howard,1979-11-23,M,USA,Virginia,3,47,C1705,3,1031987.6799999999,343995.8933333333,True,True,True,False,True,50,9,3
C1706,Matthew,Jordan,1976-05-13,M,USA,California,3,50,C1706,4,1417221.48,354305.37,True,False,True,False,True,8,9,2
C1707,Adam,Allen,1973-09-19,M,USA,Georgia,1,53,C1707,3,770609.62,256869.87333333332,True,False,True,False,True,15,9,0
C1708,Andrea,Wilson,1986-08-06,F,Germany,Hesse,1,40,C1708,3,854426.52,284808.84,True,False,True,False,False,17,5,1
C1709,Danielle,Cox,1946-08-09,F,USA,Arizona,3,80,C1709,3,1336416.1600000001,445472.0533333334,True,True,False,False,False,1,9,2
C1710,Joe,Flores,1957-05-26,M,Canada,Alberta,2,69,C1710,3,1027918.12,342639.37333333335,True,True,True,False,True,0,2,1
C1711,Debra,Hayes,1981-08-24,F,USA,California,3,45,C1711,4,1015613.11,253903.2775,True,True,True,False,True,8,9,0
C1712,Ryan,Turner,1971-03-04,M,France,Occitanie,5,55,C1712,4,1280242.15,320060.5375,True,False,False,False,True,34,4,1
C1713,Julia,Cook,1981-02-08,F,USA,Oregon,1,45,C1713,4,1401670.4500000002,350417.61250000005,True,False,False,False,True,37,9,3
C1714,Nathan,Brooks,1948-07-05,M,USA,Colorado,3,78,C1714,4,1054289.58,263572.395,True,False,False,False,True,11,9,0
C1715,Hannah,Watson,1963-04-13,F,USA,Florida,3,63,C1715,4,987214.1799999999,246803.54499999998,True,False,True,False,False,14,9,0
C1716,Michelle,Montgomery,1980-10-13,F,USA,California,1,46,C1716,3,1027286.48,342428.82666666666,True,False,False,False,True,8,9,0
C1717,Martha,Thomas,1941-12-21,F,USA,California,4,85,C1717,3,915606.0700000001,305202.0233333334,True,False,True,False,True,8,9,0
C1718,Janet,Peterson,1995-01-06,F,USA,California,1,31,C1718,4,1362121.47,340530.3675,True,False,False,False,True,8,9,0
C1719,Halcyon,Co,1960-05-10,M,USA,Florida,2,66,C1719,3,1178759.88,392919.95999999996,False,False,False,False,False,14,9,0
C1720,Danielle,Kim,1996-10-10,F,USA,California,5,30,C1720,4,1396671.77,349167.9425,True,False,True,False,True,8,9,2
C1721,Carl,Weaver,1986-12-10,M,USA,Nevada,2,40,C1721,4,1282729.71,320682.4275,True,False,False,False,False,25,9,0
C1722,Jacqueline,Morris,1982-11-23,F,USA,Nevada,3,44,C1722,4,1676365.72,419091.43,True,False,False,False,True,25,9,2
C1723,Carol,Allen,1998-02-02,F,Canada,Quebec,2,28,C1723,4,1084602.42,271150.605,True,False,True,False,False,40,2,1
C1724,Justin,Cook,1956-06-19,M,USA,Virginia,4,70,C1724,4,1646338.3599999999,411584.58999999997,True,False,False,False,True,50,9,3
C1725,Sharon,Patterson,1959-01-12,F,USA,Nevada,3,67,C1725,4,1352500.23,338125.0575,True,False,True,False,True,25,9,0
C1726,Diane,Scott,1948-08-15,F,UK,Northern Ireland,3,78,C1726,3,1141107.24,380369.08,True,False,False,False,True,31,8,3
C1727,Katherine,Morales,1945-12-06,F,USA,New York,3,81,C1727,4,1563834.42,390958.605,True,False,False,False,True,27,9,2
C1728,Kimberly,Garcia,1944-03-08,F,USA,Oregon,3,82,C1728,4,1436312.58,359078.145,True,False,True,True,False,37,9,3
C1729,Robert,Richardson,1955-06-26,M,Canada,British Columbia,3,71,C1729,3,956356.54,318785.51333333337,True,False,True,False,True,5,2,1
C1730,Jeffrey,Young,1979-11-22,M,Mexico,Puebla,5,47,C1730,3,796432.48,265477.49333333335,True,True,True,False,False,39,6,3
C1731,Nathan,Garcia,1971-12-19,M,USA,California,4,55,C1731,4,1172220.1099999999,293055.02749999997,True,False,True,False,True,8,9,0
C1732,Megan,Wilson,1970-07-15,F,Canada,Alberta,2,56,C1732,3,1551003.8399999999,517001.27999999997,True,True,False,False,False,0,2,1
C1733,Helen,Jones,1948-04-22,F,USA,California,3,78,C1733,4,1179975.09,294993.7725,True,False,True,False,False,8,9,0
C1734,Zachary,Roberts,1975-01-14,M,USA,California,5,51,C1734,3,1078504.94,359501.64666666667,True,False,False,False,True,8,9,0
C1735,Amber,Miller,1969-10-07,F,USA,Utah,3,57,C1735,3,1139995.98,379998.66,True,True,False,False,True,48,9,3
C1736,Ann,Cook,1989-09-21,F,USA,California,4,37,C1736,4,1482243.88,370560.97,True,True,True,False,True,8,9,2
C1737,Jennifer,Jackson,1992-12-24,F,USA,California,3,34,C1737,3,1060946.57,353648.8566666667,True,True,False,False,True,8,9,0
C1738,Sharon,Hall,1977-02-25,F,USA,California,5,49,C1738,3,861195.69,287065.23,True,False,False,False,True,8,9,0
C1739,Steven,Smith,1985-02-25,M,Russia,Novosibirsk,3,41,C1739,4,998344.48,249586.12,True,True,True,False,True,32,7,3
C1740,Ashley,Alexander,1951-09-15,F,USA,California,5,75,C1740,4,1439013.3399999999,359753.33499999996,True,False,True,False,True,8,9,2
C1741,Alexander,Wright,1976-04-18,M,USA,Virginia,5,50,C1741,4,1310713.04,327678.26,True,False,False,False,True,50,9,3
C1742,Crestwood,Co,1988-08-14,F,USA,California,5,38,C1742,3,1177856.21,392618.73666666663,False,False,False,False,False,8,9,2
C1743,Linda,Bell,1946-07-26,F,Belgium,Flanders,1,80,C1743,3,839069.28,279689.76,True,False,False,True,False,13,1,1
C1744,Brian,Green,1961-11-16,M,Russia,Krasnodar Krai,1,65,C1744,4,1320002.42,330000.605,True,True,False,False,True,21,7,0
C1745,Ann,Sanders,1976-06-21,F,USA,California,1,50,C1745,3,1261495.5,420498.5,True,False,False,False,True,8,9,2
C1746,Jennifer,Cox,1959-06-14,F,Belgium,Flanders,3,67,C1746,3,793835.85,264611.95,True,False,False,False,True,13,1,1
C1747,Bryan,Flores,1965-02-19,M,USA,Colorado,5,61,C1747,3,1016661.44,338887.14666666667,True,False,False,True,False,11,9,0
C1748,Albert,Jones,1950-11-11,M,USA,California,4,76,C1748,3,1112272.46,370757.48666666663,True,False,True,False,True,8,9,0
C1749,Brandon,Moore,1956-05-27,M,USA,California,3,70,C1749,3,832665.62,277555.20666666667,True,False,False,False,True,8,9,0
C1750,Stratos,Co,1991-01-12,M,USA,Colorado,3,35,C1750,4,1497163.73,374290.9325,False,False,False,False,True,11,9,2
C1751,Christine,Scott,1955-02-28,F,USA,Ohio,5,71,C1751,4,873120.47,218280.1175,True,False,False,False,True,35,9,3
C1752,Jonathan,Cook,1980-02-06,M,USA,California,1,46,C1752,3,1119600.47,373200.1566666667,True,True,True,False,True,8,9,0
C1753,Arthur,Peterson,1945-12-18,M,USA,Georgia,3,81,C1753,3,770077.48,256692.49333333332,True,True,True,False,True,15,9,0
C1754,Frank,Gray,1995-11-11,M,USA,Virginia,2,31,C1754,3,1361555.24,453851.74666666664,True,False,True,False,True,50,9,3
C1755,Mark,Griffin,1998-08-26,M,USA,Nevada,1,28,C1755,3,672116.9199999999,224038.9733333333,True,False,True,False,True,25,9,0
C1756,Daniel,Cook,1990-03-21,M,USA,Utah,1,36,C1756,4,1481404.3900000001,370351.09750000003,True,False,False,False,True,48,9,3
C1757,Brian,Hayes,1985-07-01,M,Germany,Bavaria,3,41,C1757,3,1125366.62,375122.2066666667,True,False,False,True,False,3,5,1
C1758,Carl,Pierce,1985-01-14,M,USA,Oregon,4,41,C1758,4,1006481.1799999999,251620.29499999998,True,True,True,False,False,37,9,3
C1759,Jose,Stone,1974-10-10,M,USA,California,1,52,C1759,4,1031917.22,257979.305,True,True,False,False,True,8,9,0
C1760,Mary,Harris,1975-10-07,F,Belgium,Brussels,2,51,C1760,4,1454358.32,363589.58,True,False,False,False,True,7,1,1
C1761,Nicholas,Thompson,1955-01-08,M,USA,Washington,1,71,C1761,4,1181772.43,295443.1075,True,False,False,False,True,53,9,3
C1762,Larry,Harris,1964-01-21,M,USA,Virginia,1,62,C1762,3,1023352.22,341117.4066666667,True,False,False,False,True,50,9,3
C1763,Kimberly,Young,1954-11-26,F,USA,New York,3,72,C1763,4,1789381.67,447345.4175,True,False,False,False,True,27,9,2
C1764,Kelly,Baker,1946-11-05,F,USA,Nevada,2,80,C1764,4,1668335.18,417083.795,True,False,False,False,False,25,9,2
C1765,Pamela,Reyes,1997-05-01,F,USA,Colorado,1,29,C1765,4,1734167.51,433541.8775,True,False,True,True,False,11,9,2
C1766,Sharon,Bennett,1993-05-05,F,USA,California,4,33,C1766,4,1371247.08,342811.77,True,False,False,False,True,8,9,2
C1767,Joe,Sanders,1978-05-21,M,USA,Colorado,3,48,C1767,4,1455838.9100000001,363959.72750000004,True,False,False,False,True,11,9,2
C1768,Cynthia,Hughes,1943-03-01,F,Russia,Saint Petersburg,4,83,C1768,4,985105.21,246276.3025,True,False,False,False,True,42,7,3
C1769,Forsyte,Co,1985-10-22,M,USA,Oregon,1,41,C1769,3,985909.0,328636.3333333333,False,False,True,True,False,37,9,3
C1770,Betty,Parker,1945-11-17,F,USA,Washington,1,81,C1770,3,1334771.42,444923.80666666664,True,False,True,False,False,53,9,3
C1771,Atlas,Co,1975-06-22,M,USA,Georgia,3,51,C1771,3,1280895.97,426965.3233333333,False,False,True,True,False,15,9,2
C1772,Forsyte,Co,1975-01-13,F,Canada,Alberta,5,51,C1772,4,1105281.92,276320.48,False,True,True,False,False,0,2,1
C1773,Kenneth,Williams,1980-12-25,M,USA,Nevada,3,46,C1773,4,1284141.19,321035.2975,True,True,True,False,False,25,9,0
C1774,Frank,James,1984-12-26,M,USA,Oregon,4,42,C1774,4,1169335.49,292333.8725,True,False,False,False,False,37,9,3
C1775,Betty,Howard,1970-10-07,F,USA,California,3,56,C1775,4,1414776.99,353694.2475,True,False,False,False,False,8,9,2
C1776,Martha,Mitchell,1973-09-01,F,France,Occitanie,1,53,C1776,3,1071718.4,357239.4666666666,True,False,False,False,True,34,4,1
C1777,Jason,Long,1974-09-24,M,USA,California,5,52,C1777,3,784629.95,261543.31666666665,True,True,False,True,False,8,9,0
C1778,Jeffrey,Cox,1994-01-09,M,USA,Georgia,4,32,C1778,3,1216664.8199999998,405554.93999999994,True,True,True,False,True,15,9,2
C1779,Sharon,Thomas,1979-04-20,F,USA,California,5,47,C1779,4,1563236.5499999998,390809.13749999995,True,False,False,True,False,8,9,2
C1780,Richard,Patterson,1956-05-18,M,USA,Utah,1,70,C1780,4,1735557.1500000001,433889.28750000003,True,True,False,False,True,48,9,2
C1781,Betty,Thomas,1968-10-08,F,USA,California,4,58,C1781,4,1383316.42,345829.105,True,False,False,False,True,8,9,2
C1782,Ann,King,1999-12-04,F,UK,England,1,27,C1782,4,897646.55,224411.6375,True,True,False,False,True,12,8,0
C1783,Jacob,Garcia,1954-03-07,M,USA,California,3,72,C1783,4,1136482.92,284120.73,True,False,False,False,True,8,9,0
C1784,Albert,Moore,1998-02-24,M,Australia,Western Australia,3,28,C1784,4,1352274.53,338068.6325,True,False,False,True,False,54,0,1
C1785,Lauren,Allen,1956-02-27,F,USA,Colorado,1,70,C1785,3,1006568.23,335522.74333333335,True,False,True,False,True,11,9,0
C1786,Adam,White,1995-03-07,M,USA,California,1,31,C1786,4,1247095.22,311773.805,True,False,False,False,True,8,9,0
C1787,Stephen,Flores,1955-09-22,M,USA,Georgia,5,71,C1787,4,1289585.42,322396.355,True,True,False,False,False,15,9,0
C1788,Zachary,James,1989-10-27,M,USA,California,3,37,C1788,3,1116876.81,372292.27,True,False,False,False,True,8,9,0
C1789,Edward,Brooks,1982-07-25,M,USA,Colorado,5,44,C1789,3,1359605.1,453201.7,True,False,True,False,False,11,9,2
C1790,Jacob,Hansen,1940-02-18,M,USA,Nevada,5,86,C1790,4,1335521.08,333880.27,True,True,False,True,False,25,9,2
C1791,Gerald,Scott,1966-04-26,M,USA,California,5,60,C1791,3,894512.8,298170.93333333335,True,False,False,False,False,8,9,0
C1792,Terry,Pierce,1995-06-17,M,USA,California,3,31,C1792,4,1948563.24,487140.81,True,False,False,False,False,8,9,2
C1793,Richard,James,1969-04-05,M,USA,Utah,1,57,C1793,4,1317525.03,329381.2575,True,True,False,False,True,48,9,3
C1794,Douglas,Chavez,1995-12-25,M,USA,Colorado,3,31,C1794,4,1378476.06,344619.015,True,False,False,False,True,11,9,2
C1795,William,Brown,1945-12-01,M,USA,California,5,81,C1795,4,1058019.94,264504.985,True,False,True,False,True,8,9,0
C1796,Betty,Hughes,1950-09-21,F,USA,California,5,76,C1796,3,1158919.94,386306.64666666667,True,True,True,True,False,8,9,2
C1797,Katherine,Howard,1957-02-26,F,USA,Oregon,3,69,C1797,3,910545.9199999999,303515.30666666664,True,False,True,False,True,37,9,3
C1798,Bryan,Peterson,1966-08-10,M,USA,Arizona,1,60,C1798,4,1601121.79,400280.4475,True,True,True,False,True,1,9,2
C1799,Cheryl,Freeman,1950-01-11,F,USA,Colorado,5,76,C1799,4,1022792.49,255698.1225,True,False,False,False,False,11,9,0
C1800,James,Campbell,1944-04-13,M,USA,Oregon,1,82,C1800,3,1120963.1,373654.3666666667,True,False,False,True,False,37,9,3
C1801,Jose,Howard,1964-02-08,M,USA,California,5,62,C1801,3,1473065.73,491021.91,True,False,True,False,True,8,9,2
C1802,Jack,Morris,1948-03-26,M,USA,Nevada,1,78,C1802,4,1155979.49,288994.8725,True,True,False,True,False,25,9,0
C1803,Susan,Bennett,1987-04-14,F,Canada,Quebec,5,39,C1803,3,1329728.19,443242.73,True,True,False,False,False,40,2,1
C1804,Albert,Kim,1989-03-03,M,USA,California,1,37,C1804,4,1735376.55,433844.1375,True,False,False,False,True,8,9,2
C1805,Austin,Kim,1953-01-09,M,UK,Northern Ireland,3,73,C1805,4,1871670.17,467917.5425,True,True,False,False,True,31,8,2
C1806,Martha,Turner,1967-04-13,F,Australia,New South Wales,2,59,C1806,3,974821.86,324940.62,True,True,False,False,False,26,0,1
C1807,Angela,Allen,1957-02-05,F,France,Brittany,5,69,C1807,3,1520931.78,506977.26,True,False,False,False,True,6,4,2
C1808,Victoria,Stewart,1990-01-08,F,USA,Washington,2,36,C1808,4,1102931.4500000002,275732.86250000005,True,True,False,True,False,53,9,3
C1809,Laura,White,1981-05-03,F,USA,New York,4,45,C1809,4,1221253.05,305313.2625,True,False,True,False,False,27,9,3
C1810,Maria,Collins,1945-01-06,F,USA,Texas,3,81,C1810,3,991862.87,330620.95666666667,True,False,False,False,False,47,9,3
C1811,Stephanie,Williams,1958-02-16,F,USA,California,3,68,C1811,4,1189519.9,297379.975,True,False,True,False,False,8,9,0
C1812,Ryan,White,1977-04-18,M,France,Provence,5,49,C1812,4,1080880.0,270220.0,True,False,True,False,True,38,4,1
C1813,Walter,Jordan,1947-12-02,M,Germany,Hamburg,3,79,C1813,4,1552316.39,388079.0975,True,True,True,False,True,16,5,2
C1814,Scott,Roberts,1987-04-07,M,Denmark,North Denmark,2,39,C1814,4,1303261.99,325815.4975,True,False,False,False,True,29,3,1
C1815,Aaron,Carter,1949-03-26,M,USA,California,5,77,C1815,4,1182628.3,295657.075,True,False,False,False,False,8,9,0
C1816,Sean,Miller,1962-04-08,M,Canada,Quebec,2,64,C1816,4,1078876.87,269719.2175,True,False,False,False,True,40,2,1
C1817,Cynthia,Garcia,1944-07-28,F,USA,Virginia,1,82,C1817,3,1240667.65,413555.8833333333,True,False,False,False,False,50,9,3
C1818,Christine,Wood,1994-08-17,F,USA,Washington,5,32,C1818,3,814797.06,271599.02,True,True,True,False,True,53,9,3
C1819,William,Brown,1963-02-11,M,Russia,Krasnodar Krai,1,63,C1819,3,1067644.33,355881.44333333336,True,False,False,False,True,21,7,0
C1820,Nicholas,Howard,1979-08-21,M,France,Provence,3,47,C1820,4,970434.94,242608.735,True,False,False,False,True,38,4,1
C1821,Adam,Smith,1944-10-22,M,USA,Nevada,5,82,C1821,4,1733692.6199999999,433423.15499999997,True,False,False,False,True,25,9,2
C1822,Frank,Weaver,1996-02-28,M,USA,Oregon,5,30,C1822,4,1388147.75,347036.9375,True,True,True,False,True,37,9,3
C1823,Jacob,Watson,1967-08-11,M,USA,Oregon,4,59,C1823,3,993925.86,331308.62,True,False,True,False,True,37,9,3
C1824,Jeffrey,Weaver,1962-09-05,M,USA,California,3,64,C1824,4,945036.97,236259.2425,True,False,False,False,True,8,9,0
C1825,Eric,Jones,1956-12-28,M,Mexico,Nuevo Leon,2,70,C1825,4,948769.9299999999,237192.48249999998,True,False,False,False,False,33,6,0
C1826,Jack,Williams,1951-06-08,M,USA,Ohio,4,75,C1826,4,1300035.21,325008.8025,True,False,False,True,False,35,9,3
C1827,Donald,Thompson,1973-01-02,M,USA,New York,5,53,C1827,4,1221529.77,305382.4425,True,False,True,False,True,27,9,3
C1828,William,Wood,1991-11-15,M,USA,California,2,35,C1828,4,1199213.25,299803.3125,True,True,True,False,True,8,9,0
C1829,Rachel,Ward,1997-07-17,F,USA,California,5,29,C1829,3,1194095.83,398031.94333333336,True,False,True,False,False,8,9,2
C1830,Virginia,Owens,1959-03-20,F,USA,Arizona,3,67,C1830,3,1363309.64,454436.54666666663,True,False,False,False,True,1,9,2
C1831,Janice,Smith,1950-09-15,F,Russia,Tatarstan,3,76,C1831,4,1004720.27,251180.0675,True,False,False,False,True,46,7,3
C1832,Henry,Garcia,1987-04-21,M,USA,Oregon,1,39,C1832,4,1282390.94,320597.735,True,True,True,False,True,37,9,3
C1833,Jennifer,Weaver,1948-01-17,F,USA,Arizona,1,78,C1833,3,1132086.83,377362.2766666667,True,True,True,False,True,1,9,0
C1834,Zachary,Phillips,1963-03-13,M,Belgium,Flanders,5,63,C1834,4,1222274.5999999999,305568.64999999997,True,True,False,False,False,13,1,1
C1835,Nicole,Pierce,1959-10-25,F,Canada,Alberta,4,67,C1835,3,739211.6,246403.86666666667,True,True,True,False,False,0,2,1
C1836,Judy,Wood,1960-10-08,F,USA,California,1,66,C1836,4,1213775.31,303443.8275,True,True,True,False,True,8,9,0
C1837,Julia,Freeman,1950-04-06,F,USA,California,2,76,C1837,4,1507583.69,376895.9225,True,False,True,True,False,8,9,2
C1838,Joyce,Morales,1965-01-14,F,Canada,Alberta,1,61,C1838,4,1266344.58,316586.145,True,True,False,False,False,0,2,1
C1839,Kyle,Gray,1943-01-21,M,USA,California,2,83,C1839,4,967894.54,241973.635,True,True,False,False,False,8,9,0
C1840,Gerald,Weaver,1986-06-22,M,UK,England,3,40,C1840,3,911506.03,303835.3433333333,True,True,False,False,True,12,8,0
C1841,Austin,Williams,1947-05-27,M,USA,New York,4,79,C1841,4,1612088.13,403022.0325,True,False,False,False,True,27,9,2
C1842,Rexon,Co,1978-10-08,M,Canada,Alberta,3,48,C1842,3,1252827.37,417609.12333333335,False,False,True,False,False,0,2,1
C1843,Jose,Stone,1952-06-18,M,Germany,Hesse,4,74,C1843,4,1487849.65,371962.4125,True,False,False,False,True,17,5,2
C1844,Grace,Howard,1978-07-21,F,USA,Ohio,1,48,C1844,4,1033138.51,258284.6275,True,False,False,False,False,35,9,3
C1845,Joshua,Green,1949-09-11,M,USA,California,1,77,C1845,3,889124.6799999999,296374.8933333333,True,True,True,False,True,8,9,0
C1846,Sara,Allen,1985-10-26,F,Russia,Novosibirsk,5,41,C1846,3,886017.55,295339.18333333335,True,False,True,False,False,32,7,3
C1847,Brian,Griffin,1952-04-01,M,USA,Utah,4,74,C1847,4,1080850.85,270212.7125,True,False,False,False,True,48,9,3
C1848,Sarah,Davis,1993-07-17,F,USA,California,2,33,C1848,4,1595352.82,398838.205,True,False,False,False,True,8,9,2
C1849,Joseph,Wilson,1976-09-02,M,Canada,Alberta,3,50,C1849,3,1019239.08,339746.36,True,True,True,False,True,0,2,1
C1850,Gregory,Miller,1971-07-25,M,USA,New York,5,55,C1850,4,1380990.75,345247.6875,True,True,True,False,False,27,9,2
C1851,Kimberly,Miller,1954-06-08,F,UK,England,3,72,C1851,4,1552543.97,388135.9925,True,False,True,False,False,12,8,2
C1852,Julie,Hall,1997-12-15,F,USA,Virginia,4,29,C1852,3,1674072.07,558024.0233333333,True,False,False,False,True,50,9,2
C1853,Jennifer,Owens,1949-02-24,F,USA,Virginia,4,77,C1853,4,1207329.15,301832.2875,True,True,False,False,True,50,9,3
C1854,Rexon,Co,1960-03-23,M,France,Ile-de-France,1,66,C1854,4,1387997.02,346999.255,False,True,False,True,False,18,4,1
C1855,Gloria,Hansen,1984-02-07,F,USA,California,2,42,C1855,4,1117305.8599999999,279326.46499999997,True,False,True,False,True,8,9,0
C1856,Altira,Co,1994-05-24,M,USA,Virginia,2,32,C1856,3,1216231.4300000002,405410.47666666674,False,False,False,False,True,50,9,3
C1857,Walter,Johnson,1987-03-22,M,USA,California,2,39,C1857,3,919814.94,306604.98,True,True,True,False,True,8,9,0
C1858,Amy,Hayes,1958-06-05,F,USA,Colorado,5,68,C1858,3,1161958.29,387319.43,True,False,False,False,True,11,9,2
C1859,Zachary,Taylor,1943-11-18,M,USA,California,5,83,C1859,4,1087561.59,271890.3975,True,False,True,True,False,8,9,0
C1860,Caldera,Co,1970-07-17,F,USA,California,4,56,C1860,4,1661197.49,415299.3725,False,False,True,False,False,8,9,2
C1861,Nathan,Evans,1982-01-08,M,USA,California,3,44,C1861,4,1475178.95,368794.7375,True,True,True,False,True,8,9,2
C1862,Joshua,Long,1953-08-22,M,USA,California,1,73,C1862,3,988771.17,329590.39,True,False,True,False,True,8,9,0
C1863,Megan,Hansen,1948-03-04,F,UK,Scotland,3,78,C1863,4,1281313.02,320328.255,True,False,False,False,True,43,8,3
C1864,Hannah,Weaver,1972-04-25,F,USA,New York,5,54,C1864,4,1131730.6,282932.65,True,False,True,False,True,27,9,0
C1865,Sean,Rogers,1974-01-11,M,USA,Arizona,4,52,C1865,3,1092253.24,364084.41333333333,True,True,False,False,True,1,9,0
C1866,Joyce,Martin,1971-08-23,F,USA,Nevada,2,55,C1866,4,1620195.43,405048.8575,True,False,False,False,False,25,9,2
C1867,Robert,Richardson,1952-01-13,M,USA,California,2,74,C1867,3,761781.8,253927.2666666667,True,False,True,False,True,8,9,0
C1868,Michelle,Thomas,1975-11-28,F,UK,Wales,1,51,C1868,4,1469394.43,367348.6075,True,False,False,False,True,51,8,3
C1869,Margaret,Campbell,1975-10-05,F,Mexico,Nuevo Leon,5,51,C1869,4,1335399.36,333849.84,True,False,False,True,False,33,6,3
C1870,Lawrence,Moore,1980-10-13,M,USA,Washington,1,46,C1870,3,680865.94,226955.31333333332,True,True,False,False,False,53,9,3
C1871,Amy,Reyes,1961-10-18,F,USA,Texas,1,65,C1871,4,1096466.77,274116.6925,True,False,True,False,True,47,9,3
C1872,Raymond,Jones,1940-10-23,M,Mexico,Mexico City,5,86,C1872,3,1284121.27,428040.42333333334,True,False,False,True,False,23,6,2
C1873,Cheryl,Collins,1959-03-10,F,Canada,British Columbia,5,67,C1873,4,841611.53,210402.8825,True,False,False,False,False,5,2,1
C1874,Justin,Cooper,1972-11-18,M,USA,Colorado,1,54,C1874,3,1058361.99,352787.33,True,True,False,False,False,11,9,0
C1875,Melissa,Roberts,1943-09-13,F,USA,Nevada,2,83,C1875,3,1220153.8599999999,406717.9533333333,True,False,False,True,False,25,9,2
C1876,Bravada,Co,1981-03-17,M,USA,Ohio,4,45,C1876,3,1543986.34,514662.11333333334,False,True,True,False,True,35,9,2
C1877,Walter,Bryant,1961-09-16,M,USA,Arizona,5,65,C1877,3,905899.79,301966.5966666667,True,False,False,False,False,1,9,0
C1878,Paul,Rogers,1967-10-07,M,USA,Washington,5,59,C1878,3,958603.36,319534.4533333333,True,False,False,False,False,53,9,3
C1879,Deborah,Roberts,1977-01-23,F,USA,New York,3,49,C1879,3,1536294.68,512098.2266666666,True,False,False,False,True,27,9,2
C1880,Joan,Morales,1998-01-22,F,USA,California,5,28,C1880,4,1319939.53,329984.8825,True,False,True,True,False,8,9,2
C1881,Brenda,Phillips,1989-09-13,F,USA,Oregon,2,37,C1881,3,972731.0900000001,324243.6966666667,True,False,True,False,True,37,9,3
C1882,Deborah,Turner,1960-03-22,F,USA,Virginia,3,66,C1882,3,884144.1,294714.7,True,True,False,False,True,50,9,3
C1883,Sean,Peterson,1941-02-11,M,USA,California,1,85,C1883,4,1877399.3199999998,469349.82999999996,True,False,False,False,False,8,9,2
C1884,Terry,Bell,1954-08-06,M,USA,Nevada,5,72,C1884,3,930994.2100000001,310331.4033333334,True,False,True,False,True,25,9,0
C1885,Ryan,Bell,1967-10-26,M,Germany,Hamburg,1,59,C1885,4,1740983.97,435245.9925,True,False,True,False,False,16,5,2
C1886,Maria,Richardson,1999-11-16,F,USA,California,5,27,C1886,3,774293.9299999999,258097.97666666665,True,False,False,False,True,8,9,0
C1887,Emma,Campbell,1986-01-07,F,USA,Oregon,1,40,C1887,3,822999.76,274333.25333333336,True,True,False,False,False,37,9,3
C1888,Donald,Griffin,1962-08-06,M,USA,California,3,64,C1888,4,981962.01,245490.5025,True,False,False,False,True,8,9,0
C1889,Matthew,Richardson,1987-07-10,M,USA,California,4,39,C1889,3,1193609.3,397869.76666666666,True,False,True,False,True,8,9,2
C1890,Mark,Nelson,1954-03-12,M,Canada,Ontario,4,72,C1890,4,1209659.27,302414.8175,True,False,False,True,False,36,2,1
C1891,Gary,James,1972-06-02,M,USA,Oregon,2,54,C1891,4,1466482.7999999998,366620.69999999995,True,False,False,False,False,37,9,3
C1892,Nancy,Jones,1951-06-06,F,USA,Nevada,5,75,C1892,3,978638.94,326212.98,True,True,True,False,False,25,9,0
C1893,Ann,Davis,1962-12-27,F,USA,Washington,1,64,C1893,4,1458732.84,364683.21,True,False,True,False,True,53,9,3
C1894,Joyce,Hall,1944-03-11,F,USA,Texas,4,82,C1894,4,1284918.37,321229.5925,True,True,False,False,True,47,9,3
C1895,Caldera,Co,1969-01-07,M,USA,Nevada,4,57,C1895,3,1170571.86,390190.62000000005,False,True,False,False,False,25,9,2
C1896,Andrew,Bryant,1955-06-17,M,USA,Virginia,3,71,C1896,3,1158311.0,386103.6666666667,True,True,False,False,False,50,9,3
C1897,Catherine,Rogers,1950-12-27,F,Canada,Ontario,2,76,C1897,4,1108918.3399999999,277229.58499999996,True,False,False,False,True,36,2,1
C1898,Daniel,James,1979-01-05,M,USA,New York,1,47,C1898,4,1159717.54,289929.385,True,False,True,False,True,27,9,0
C1899,Joe,Mitchell,1996-04-05,M,UK,England,3,30,C1899,3,1001627.28,333875.76,True,False,False,False,True,12,8,0
C1900,Rachel,Griffin,1998-09-07,F,UK,England,4,28,C1900,4,1185889.79,296472.4475,True,True,False,True,False,12,8,0
C1901,Justin,Stewart,1982-09-17,M,Canada,British Columbia,4,44,C1901,4,1357680.7,339420.175,True,False,False,False,False,5,2,1
C1902,Grandis,Co,1980-11-09,M,USA,Colorado,2,46,C1902,4,1127600.93,281900.2325,False,True,False,False,False,11,9,0
C1903,Nicole,Bennett,1991-12-01,F,USA,Nevada,2,35,C1903,4,1453139.0699999998,363284.76749999996,True,False,False,False,True,25,9,2
C1904,Christian,Nelson,1949-03-23,M,USA,Texas,2,77,C1904,4,1337265.67,334316.4175,True,False,True,False,True,47,9,3
C1905,James,Morris,1961-02-02,M,USA,Virginia,1,65,C1905,3,1180529.35,393509.7833333334,True,False,False,False,True,50,9,3
C1906,Michelle,Adams,1955-09-15,F,USA,California,2,71,C1906,4,1487182.67,371795.6675,True,False,False,False,False,8,9,2
C1907,Kyle,Wright,1950-03-12,M,USA,Colorado,3,76,C1907,4,1751481.1500000001,437870.28750000003,True,False,False,False,True,11,9,2
C1908,Andrea,Moore,1976-03-28,F,USA,California,2,50,C1908,4,1543714.5,385928.625,True,False,False,False,True,8,9,2
C1909,Heather,Pierce,1985-12-04,F,USA,California,2,41,C1909,3,1238663.76,412887.92,True,True,False,False,False,8,9,2
C1910,Telnox,Co,1985-10-04,M,USA,California,2,41,C1910,4,816793.9099999999,204198.47749999998,False,False,True,False,False,8,9,0
C1911,Noah,Murray,1989-01-11,M,USA,California,5,37,C1911,3,1195691.95,398563.98333333334,True,False,False,False,False,8,9,2
C1912,Amanda,Jackson,1954-07-26,F,USA,Utah,1,72,C1912,3,863871.21,287957.07,True,True,False,False,True,48,9,3
C1913,Gary,King,1980-11-12,M,France,Provence,5,46,C1913,4,1210353.53,302588.3825,True,False,False,False,True,38,4,1
C1914,Brenda,Gray,1993-08-24,F,UK,Scotland,4,33,C1914,3,1553786.78,517928.9266666667,True,False,True,False,True,43,8,2
C1915,Angela,Williams,1964-06-09,F,USA,Arizona,4,62,C1915,3,1015184.58,338394.86,True,True,False,True,False,1,9,0
C1916,Zachary,Weaver,1948-10-15,M,USA,California,2,78,C1916,3,1257058.52,419019.50666666665,True,True,False,False,True,8,9,2
C1917,Angela,Montgomery,1971-09-16,F,Australia,New South Wales,2,55,C1917,4,1007433.23,251858.3075,True,False,False,True,False,26,0,1
C1918,Dorothy,Murray,1940-09-17,F,USA,California,1,86,C1918,4,1019401.51,254850.3775,True,False,False,True,False,8,9,0
C1919,Vantage,Co,1968-01-19,F,USA,Nevada,1,58,C1919,4,1083015.76,270753.94,False,True,False,False,True,25,9,0
C1920,Jonathan,Pierce,1969-10-26,M,Germany,North Rhine-Westphalia,5,57,C1920,4,1523588.92,380897.23,True,False,False,False,False,30,5,2
C1921,Carolyn,Adams,1956-12-24,F,France,Provence,5,70,C1921,3,980793.6799999999,326931.2266666666,True,False,False,False,True,38,4,1
C1922,Jessica,Garcia,1988-01-09,F,USA,California,1,38,C1922,3,1549836.17,516612.05666666664,True,False,False,False,False,8,9,2
C1923,Sarah,Cooper,1947-03-07,F,Mexico,Jalisco,1,79,C1923,4,1302917.16,325729.29,True,True,True,True,False,19,6,0
C1924,Joe,Cooper,1958-01-03,M,USA,California,3,68,C1924,4,1453954.37,363488.5925,True,False,False,True,False,8,9,2
C1925,Jordan,Baker,1942-01-19,M,USA,Colorado,2,84,C1925,4,1165252.94,291313.235,True,False,False,False,False,11,9,0
C1926,Joshua,Watson,1997-11-05,M,Mexico,Puebla,1,29,C1926,4,1238034.03,309508.5075,True,False,True,False,True,39,6,3
C1927,Victoria,Long,1952-11-05,F,USA,California,1,74,C1927,4,1325474.94,331368.735,True,True,True,False,True,8,9,0
C1928,Paul,Scott,1998-02-20,M,Australia,New South Wales,4,28,C1928,3,741930.22,247310.07333333333,True,False,True,True,False,26,0,1
C1929,Angela,Baker,1941-10-24,F,Mexico,Jalisco,1,85,C1929,4,1329874.96,332468.74,True,False,True,False,False,19,6,0
C1930,Rachel,Adams,1966-01-22,F,USA,Colorado,3,60,C1930,4,1184992.23,296248.0575,True,True,False,False,False,11,9,0
C1931,Melissa,Jackson,1995-05-01,F,USA,Utah,5,31,C1931,4,1323884.1099999999,330971.02749999997,True,False,True,False,True,48,9,3
C1932,Dorothy,Allen,1962-05-13,F,USA,California,2,64,C1932,4,1713149.19,428287.2975,True,True,False,False,True,8,9,2
C1933,Oasis,Co,1994-04-05,F,Australia,Queensland,1,32,C1933,3,822428.05,274142.68333333335,False,False,False,True,False,41,0,1
C1934,Noah,Montgomery,1978-03-25,M,France,Ile-de-France,4,48,C1934,4,1719384.46,429846.115,True,True,True,True,False,18,4,2
C1935,Ashley,Young,1983-04-14,F,USA,Arizona,5,43,C1935,3,1205890.37,401963.4566666667,True,False,False,False,True,1,9,2
C1936,Jeffrey,Brown,1984-02-24,M,Russia,Krasnodar Krai,1,42,C1936,3,965899.1000000001,321966.3666666667,True,False,True,False,False,21,7,0
C1937,Ashley,Richardson,1961-03-16,F,USA,Arizona,3,65,C1937,4,1707838.06,426959.515,True,False,True,False,True,1,9,2
C1938,Peter,Anderson,1973-07-28,M,Canada,Quebec,4,53,C1938,3,1154671.2,384890.39999999997,True,False,True,False,True,40,2,1
C1939,Gloria,White,1979-06-09,F,USA,Florida,1,47,C1939,3,674304.95,224768.31666666665,True,True,True,False,False,14,9,0
C1940,Barbara,Turner,1997-02-01,F,Canada,Manitoba,4,29,C1940,4,1403901.1400000001,350975.28500000003,True,False,False,False,False,22,2,1
C1941,Maria,James,1943-05-20,F,USA,Nevada,5,83,C1941,4,1368615.25,342153.8125,True,False,False,True,False,25,9,2
C1942,Stratos,Co,1984-11-10,F,USA,Nevada,2,42,C1942,3,1133984.52,377994.84,False,False,True,False,False,25,9,3
C1943,Eric,Long,1973-01-04,M,USA,Arizona,1,53,C1943,3,967521.23,322507.07666666666,True,False,False,False,True,1,9,0
C1944,Henry,Pierce,1986-02-15,M,USA,California,1,40,C1944,4,1971083.9300000002,492770.98250000004,True,True,False,False,True,8,9,2
C1945,Sean,Johnson,1967-02-26,M,Mexico,Mexico City,3,59,C1945,4,1112541.88,278135.47,True,True,False,False,True,23,6,0
C1946,Mark,Bell,1955-01-15,M,USA,California,1,71,C1946,3,1056227.37,352075.79000000004,True,False,False,False,False,8,9,0
C1947,Walter,Mitchell,1979-02-02,M,USA,Nevada,3,47,C1947,3,1247905.56,415968.52,True,False,False,False,True,25,9,2
C1948,Melissa,Harris,1955-04-01,F,USA,Arizona,2,71,C1948,3,1530233.0,510077.6666666667,True,False,False,False,False,1,9,2
C1949,Christina,James,1955-07-20,F,USA,Colorado,2,71,C1949,3,1020270.72,340090.24,True,False,True,False,False,11,9,0
C1950,Edward,Weaver,1975-03-27,M,USA,Ohio,4,51,C1950,4,1033306.43,258326.6075,True,False,False,False,False,35,9,3
C1951,Alexander,Murray,1996-09-08,M,USA,Utah,1,30,C1951,4,1128864.17,282216.0425,True,False,True,False,True,48,9,3
C1952,Optima,Co,1992-05-06,M,USA,Nevada,3,34,C1952,3,1235262.65,411754.2166666666,False,False,False,False,False,25,9,2
C1953,Donald,Miller,1972-10-16,M,Germany,Bavaria,1,54,C1953,4,1199064.43,299766.1075,True,False,True,False,True,3,5,0
C1954,Judy,Roberts,1966-09-03,F,Australia,Western Australia,3,60,C1954,3,809731.0700000001,269910.3566666667,True,True,False,False,True,54,0,1
C1955,Benjamin,Wright,1998-05-20,M,Canada,Quebec,1,28,C1955,4,1707150.06,426787.515,True,False,False,False,True,40,2,1
C1956,Julie,Weaver,1967-08-21,F,USA,Oregon,2,59,C1956,4,1224023.79,306005.9475,True,False,False,False,False,37,9,3
C1957,Adam,Howard,1962-09-24,M,USA,California,4,64,C1957,4,1318838.26,329709.565,True,False,True,False,True,8,9,0
C1958,Susan,Foster,1970-10-09,F,USA,California,3,56,C1958,4,1567012.19,391753.0475,True,False,False,False,True,8,9,2
C1959,Judy,Morales,1942-02-20,F,USA,Texas,1,84,C1959,3,626084.02,208694.67333333334,True,False,False,False,True,47,9,3
C1960,Dorothy,Brown,1987-08-02,F,USA,Colorado,2,39,C1960,3,1196488.96,398829.6533333333,True,False,True,False,True,11,9,2
C1961,William,Campbell,1994-09-26,M,USA,California,5,32,C1961,4,1289265.38,322316.345,True,False,False,False,False,8,9,0
C1962,Kimberly,Harris,1995-08-01,F,Mexico,Puebla,5,31,C1962,3,971475.24,323825.08,True,False,False,False,False,39,6,3
C1963,Terova,Co,1968-03-01,M,USA,Texas,5,58,C1963,3,983925.13,327975.04333333333,False,False,False,False,True,47,9,3
C1964,Kevin,Martin,1972-06-17,M,USA,Virginia,5,54,C1964,3,1149434.67,383144.88999999996,True,False,False,False,False,50,9,3
C1965,Sean,Wright,1997-01-09,M,USA,California,4,29,C1965,3,1489053.39,496351.12999999995,True,False,False,False,False,8,9,2
C1966,Ronald,Howard,1964-02-10,M,Canada,British Columbia,1,62,C1966,4,1210176.2,302544.05,True,False,False,False,False,5,2,1
C1967,Roger,Bryant,1957-10-09,M,USA,Oregon,4,69,C1967,3,747143.37,249047.79,True,True,False,False,False,37,9,3
C1968,Judy,Griffin,1958-11-02,F,USA,California,3,68,C1968,3,987718.99,329239.66333333333,True,True,True,True,False,8,9,0
C1969,Jesse,James,1993-06-14,M,USA,Colorado,2,33,C1969,4,1030940.4299999999,257735.10749999998,True,True,True,False,False,11,9,0
C1970,Raymond,Howard,1978-02-25,M,USA,Arizona,4,48,C1970,3,1346312.7000000002,448770.9000000001,True,True,True,False,True,1,9,2
C1971,Emma,Jordan,1976-07-18,F,USA,Virginia,5,50,C1971,3,673422.3200000001,224474.1066666667,True,False,False,False,True,50,9,3
C1972,Carol,Wilson,1972-01-05,F,USA,California,4,54,C1972,3,943260.84,314420.27999999997,True,False,True,False,True,8,9,0
C1973,Oasis,Co,1993-09-13,M,USA,Washington,4,33,C1973,4,1450499.68,362624.92,False,False,True,False,False,53,9,3
C1974,Keith,Peterson,1950-04-09,M,USA,Nevada,5,76,C1974,4,968686.8500000001,242171.71250000002,True,False,True,False,False,25,9,0
C1975,Dorothy,Campbell,1975-08-05,F,Belgium,Wallonia,4,51,C1975,3,985031.21,328343.73666666663,True,False,False,False,False,52,1,1
C1976,Albert,Wilson,1995-05-03,M,USA,Florida,5,31,C1976,4,1146120.65,286530.1625,True,False,False,True,False,14,9,0
C1977,Jason,Bennett,1994-04-07,M,USA,Virginia,1,32,C1977,4,2001430.4300000002,500357.60750000004,True,False,False,False,True,50,9,2
C1978,Summit,Co,1967-02-06,F,USA,California,5,59,C1978,3,1205900.67,401966.88999999996,False,True,True,False,True,8,9,2
C1979,Brian,Richardson,1942-05-25,M,USA,Colorado,3,84,C1979,4,1287568.79,321892.1975,True,False,True,False,False,11,9,0
C1980,Barbara,Green,1956-05-09,F,USA,Texas,4,70,C1980,4,1579565.09,394891.2725,True,True,False,False,True,47,9,3
C1981,Sarah,Flores,1992-12-09,F,Canada,Quebec,5,34,C1981,4,1440160.68,360040.17,True,False,False,False,False,40,2,1
C1982,Jose,Long,1947-09-05,M,USA,California,4,79,C1982,3,1545398.56,515132.85333333333,True,False,True,False,True,8,9,2
C1983,Ryan,Reed,1961-03-13,M,UK,Northern Ireland,3,65,C1983,4,1317304.52,329326.13,True,False,False,False,True,31,8,3
C1984,Jesse,Watson,1956-10-18,M,USA,California,4,70,C1984,3,846287.21,282095.73666666663,True,False,False,False,True,8,9,0
C1985,Gregory,Bell,1963-05-11,M,UK,Scotland,1,63,C1985,4,1149379.8599999999,287344.96499999997,True,False,True,False,False,43,8,3
C1986,Thomas,Griffin,1977-04-23,M,USA,New York,1,49,C1986,4,1442798.93,360699.7325,True,True,False,False,True,27,9,2
C1987,Douglas,Davis,1986-10-18,M,Belgium,Wallonia,5,40,C1987,4,1316082.96,329020.74,True,True,False,False,True,52,1,1
C1988,Henry,Thompson,1994-09-19,M,USA,California,5,32,C1988,4,1301018.95,325254.7375,True,False,True,False,True,8,9,0
C1989,William,Montgomery,1959-11-19,M,USA,Texas,3,67,C1989,4,1380788.8599999999,345197.21499999997,True,False,False,False,False,47,9,3
C1990,Scott,Howard,1976-11-28,M,USA,Texas,5,50,C1990,3,1253745.81,417915.27,True,True,False,False,False,47,9,3
C1991,Susan,Reed,1950-07-09,F,USA,California,3,76,C1991,4,1134341.88,283585.47,True,False,False,False,True,8,9,0
C1992,Rachel,Hansen,1943-01-19,F,USA,Texas,3,83,C1992,3,1266058.76,422019.58666666667,True,False,True,False,True,47,9,3
C1993,Douglas,Thompson,1985-06-09,M,USA,New York,2,41,C1993,3,1385369.38,461789.7933333333,True,False,False,False,True,27,9,2
C1994,Nicole,Miller,1994-07-21,F,USA,Oregon,3,32,C1994,3,1257875.21,419291.73666666663,True,True,True,False,True,37,9,3
C1995,Michelle,Scott,1993-03-05,F,USA,California,4,33,C1995,4,1044043.64,261010.91,True,True,False,False,False,8,9,0
C1996,Samantha,Brooks,1992-06-20,F,USA,Nevada,1,34,C1996,4,1151831.48,287957.87,True,False,True,False,True,25,9,0
C1997,Matthew,Cox,1942-09-27,M,USA,Arizona,4,84,C1997,4,1101825.4,275456.35,True,False,True,False,True,1,9,0
C1998,Mark,Patterson,1963-09-13,M,USA,Virginia,5,63,C1998,3,1023688.56,341229.52,True,False,True,False,True,50,9,3
C1999,Lawrence,Montgomery,1944-06-15,M,USA,Ohio,4,82,C1999,3,838587.38,279529.12666666665,True,False,True,True,False,35,9,3
C2000,Amanda,James,1996-03-24,F,USA,Georgia,1,30,C2000,3,913528.5,304509.5,True,False,True,False,False,15,9,0
